order,source,name,name.correct
1,apg_v14,Abietaceae,Pinaceae
2,apg_v14,Abolbodaceae,Xyridaceae
3,apg_v14,Abrophyllaceae,Rousseaceae
4,apg_v14,Acaciaceae,Fabaceae
5,apg_v14,Acalyphaceae,Euphorbiaceae
6,apg_v14,Acanthaceae,Acanthaceae
7,apg_v14,Acanthochlamydaceae,Velloziaceae
8,apg_v14,Acarnaceae,Asteraceae
9,apg_v14,Aceraceae,Sapindaceae
10,apg_v14,Achariaceae,Achariaceae
11,apg_v14,Achatocarpaceae,Achatocarpaceae
12,apg_v14,Achradaceae,Sapotaceae
13,apg_v14,Achyranthaceae,Amaranthaceae
14,apg_v14,Acmopylaceae,Podocarpaceae
15,apg_v14,Aconitaceae,Ranunculaceae
16,apg_v14,Acoraceae,Acoraceae
17,apg_v14,Acristaceae,Arecaceae
18,apg_v14,Acrostichaceae,Pteridaceae
19,apg_v14,Actaeaceae,Ranunculaceae
20,apg_v14,Actinidiaceae,Actinidiaceae
21,apg_v14,Actiniopteridaceae,Pteridaceae
22,apg_v14,Actinotaceae,Apiaceae
23,apg_v14,Adenogrammaceae,Molluginaceae
24,apg_v14,Adiantaceae,Pteridaceae
25,apg_v14,Adoxaceae,Viburnaceae
26,apg_v14,Aegialitidaceae,Plumbaginaceae
27,apg_v14,Aegicerataceae,Primulaceae
28,apg_v14,Aegilopaceae,Poaceae
29,apg_v14,Aeginetiaceae,Orobanchaceae
30,apg_v14,Aegiphilaceae,Lamiaceae
31,apg_v14,Aesculaceae,Sapindaceae
32,apg_v14,Aextoxicaceae,Aextoxicaceae
33,apg_v14,Agapanthaceae,Amaryllidaceae
34,apg_v14,Agavaceae,Asparagaceae
35,apg_v14,Agdestidaceae,Phytolaccaceae
36,apg_v14,Agialidaceae,Zygophyllaceae
37,apg_v14,Agrimoniaceae,Rosaceae
38,apg_v14,Agrostidaceae,Poaceae
39,apg_v14,Ailanthaceae,Simaroubaceae
40,apg_v14,Aitoniaceae,Meliaceae
41,apg_v14,Aizoaceae,Aizoaceae
42,apg_v14,Ajugaceae,Lamiaceae
43,apg_v14,Akaniaceae,Akaniaceae
44,apg_v14,Alangiaceae,Cornaceae
45,apg_v14,Alchemillaceae,Rosaceae
46,apg_v14,Aldrovandaceae,Droseraceae
47,apg_v14,Alismataceae,Alismataceae
48,apg_v14,Alliaceae,Amaryllidaceae
49,apg_v14,Allioniaceae,Nyctaginaceae
50,apg_v14,Allophylaceae,Sapindaceae
51,apg_v14,Alniphyllaceae,Styracaceae
52,apg_v14,Aloaceae,Asphodelaceae
53,apg_v14,Alopecuraceae,Poaceae
54,apg_v14,Alpiniaceae,Zingiberaceae
55,apg_v14,Alseuosmiaceae,Alseuosmiaceae
56,apg_v14,Alsinaceae,Caryophyllaceae
57,apg_v14,Alsodeiaceae,Violaceae
58,apg_v14,Alsophilaceae,Cyatheaceae
59,apg_v14,Alstroemeriaceae,Alstroemeriaceae
60,apg_v14,Altingiaceae,Altingiaceae
61,apg_v14,Alzateaceae,Alzateaceae
62,apg_v14,Amaranthaceae,Amaranthaceae
63,apg_v14,Amaryllidaceae,Amaryllidaceae
64,apg_v14,Amborellaceae,Amborellaceae
65,apg_v14,Ambrosiaceae,Asteraceae
66,apg_v14,Amentotaxaceae,Taxaceae
67,apg_v14,Ammanniaceae,Lythraceae
68,apg_v14,Ammiaceae,Apiaceae
69,apg_v14,Amomaceae,Zingiberaceae
70,apg_v14,Ampelopsidaceae,Vitaceae
71,apg_v14,Amphorogynaceae,Santalaceae
72,apg_v14,Amygdalaceae,Rosaceae
73,apg_v14,Amyridaceae,Rutaceae
74,apg_v14,Anacampserotaceae,Anacampserotaceae
75,apg_v14,Anacardiaceae,Anacardiaceae
76,apg_v14,Anagallidaceae,Primulaceae
77,apg_v14,Anarthriaceae,Restionaceae
78,apg_v14,Anchusaceae,Boraginaceae
79,apg_v14,Ancistrocladaceae,Ancistrocladaceae
80,apg_v14,Andromedaceae,Ericaceae
81,apg_v14,Andropogonaceae,Poaceae
82,apg_v14,Androstachyaceae,Picrodendraceae
83,apg_v14,Androsynaceae,Tecophilaeaceae
84,apg_v14,Anemarrhenaceae,Asparagaceae
85,apg_v14,Anemiaceae,Anemiaceae
86,apg_v14,Anemonaceae,Ranunculaceae
87,apg_v14,Angelicaceae,Apiaceae
88,apg_v14,Angeloniaceae,Plantaginaceae
89,apg_v14,Angiopteridaceae,Marattiaceae
90,apg_v14,Anisophylleaceae,Anisophylleaceae
91,apg_v14,Annonaceae,Annonaceae
92,apg_v14,Anomochloaceae,Poaceae
93,apg_v14,Anopteraceae,Escalloniaceae
94,apg_v14,Anopteridaceae,Pteridaceae
95,apg_v14,Anrederaceae,Basellaceae
96,apg_v14,Anthemidaceae,Asteroideae
97,apg_v14,Anthericaceae,Asparagaceae
98,apg_v14,Anthobolaceae,Opiliaceae
99,apg_v14,Anthoxanthaceae,Poaceae
100,apg_v14,Antidesmataceae,Phyllanthaceae
101,apg_v14,Antirrhinaceae,Plantaginaceae
102,apg_v14,Antoniaceae,Loganiaceae
103,apg_v14,Antrophyaceae,Pteridaceae
104,apg_v14,Aparinaceae,Rubiaceae
105,apg_v14,Aphanopetalaceae,Aphanopetalaceae
106,apg_v14,Aphloiaceae,Aphloiaceae
107,apg_v14,Aphyllanthaceae,Asparagaceae
108,apg_v14,Apiaceae,Apiaceae
109,apg_v14,Apocynaceae,Apocynaceae
110,apg_v14,Apodanthaceae,Apodanthaceae
111,apg_v14,Aponogetonaceae,Aponogetonaceae
112,apg_v14,Aporusaceae,Phyllanthaceae
113,apg_v14,Aposeridaceae,Asteraceae
114,apg_v14,Apostasiaceae,Orchidaceae
115,apg_v14,Aptandraceae,Aptandraceae
116,apg_v14,Aquifoliaceae,Aquifoliaceae
117,apg_v14,Aquilariaceae,Thymelaeaceae
118,apg_v14,Aquilegiaceae,Ranunculaceae
119,apg_v14,Arabidaceae,Brassicaceae
120,apg_v14,Araceae,Araceae
121,apg_v14,Aragoaceae,Plantaginaceae
122,apg_v14,Araliaceae,Araliaceae
123,apg_v14,Aralidiaceae,Torricelliaceae
124,apg_v14,Araucariaceae,Araucariaceae
125,apg_v14,Arbutaceae,Ericaceae
126,apg_v14,Arceuthidaceae,Cupressaceae
127,apg_v14,Arceuthobiaceae,Santalaceae
128,apg_v14,Arctostaphylaceae,Ericaceae
129,apg_v14,Arctotidaceae,Asteraceae
130,apg_v14,Ardisiaceae,Primulaceae
131,apg_v14,Arecaceae,Arecaceae
132,apg_v14,Argophyllaceae,Argophyllaceae
133,apg_v14,Arisaraceae,Araceae
134,apg_v14,Aristolochiaceae,Aristolochiaceae
135,apg_v14,Aristoteliaceae,Elaeocarpaceae
136,apg_v14,Arjonaceae,Schoepfiaceae
137,apg_v14,Armeriaceae,Plumbaginaceae
138,apg_v14,Artemisiaceae,Asteraceae
139,apg_v14,Arthrotaxidaceae,Cupressaceae
140,apg_v14,Artocarpaceae,Moraceae
141,apg_v14,Arundinaceae,Poaceae
142,apg_v14,Arundinellaceae,Poaceae
143,apg_v14,Asaraceae,Aristolochiaceae
144,apg_v14,Asclepiadaceae,Apocynaceae
145,apg_v14,Ascyraceae,Hypericaceae
146,apg_v14,Aspalathaceae,Fabaceae
147,apg_v14,Asparagaceae,Asparagaceae
148,apg_v14,Asperellaceae,Poaceae
149,apg_v14,Asperulaceae,Rubiaceae
150,apg_v14,Asphodelaceae,Asphodelaceae
151,apg_v14,Aspidiaceae,Dryopteridaceae
152,apg_v14,Aspidistraceae,Asparagaceae
153,apg_v14,Aspleniaceae,Aspleniaceae
154,apg_v14,Asteliaceae,Asteliaceae
155,apg_v14,Asteraceae,Asteraceae
156,apg_v14,Asteranthaceae,Lecythidaceae
157,apg_v14,Asteropeiaceae,Asteropeiaceae
158,apg_v14,Astragalaceae,Fabaceae
159,apg_v14,Astrocarpaceae,Resedaceae
160,apg_v14,Athanasiaceae,Asteraceae
161,apg_v14,Atherospermataceae,Atherospermataceae
162,apg_v14,Athyriaceae,Athyriaceae
163,apg_v14,Atriplicaceae,Amaranthaceae
164,apg_v14,Atropaceae,Solanaceae
165,apg_v14,Aucubaceae,Garryaceae
166,apg_v14,Aurantiaceae,Rutaceae
167,apg_v14,Austrobaileyaceae,Austrobaileyaceae
168,apg_v14,Austrotaxaceae,Taxaceae
169,apg_v14,Avenaceae,Poaceae
170,apg_v14,Averrhoaceae,Oxalidaceae
171,apg_v14,Avetraceae,Dioscoreaceae
172,apg_v14,Avicenniaceae,Acanthaceae
173,apg_v14,Azaleaceae,Ericaceae
174,apg_v14,Azimaceae,Salvadoraceae
175,apg_v14,Azollaceae,Salviniaceae
176,apg_v14,Baeckeaceae,Myrtaceae
177,apg_v14,Balanitaceae,Zygophyllaceae
178,apg_v14,Balanopaceae,Balanopaceae
179,apg_v14,Balanophoraceae,Balanophoraceae
180,apg_v14,Balsameaceae,Burseraceae
181,apg_v14,Balsaminaceae,Balsaminaceae
182,apg_v14,Bambusaceae,Poaceae
183,apg_v14,Barbaceniaceae,Velloziaceae
184,apg_v14,Barbeuiaceae,Barbeuiaceae
185,apg_v14,Barbeyaceae,Barbeyaceae
186,apg_v14,Barclayaceae,Nymphaeaceae
187,apg_v14,Barringtoniaceae,Lecythidaceae
188,apg_v14,Basellaceae,Basellaceae
189,apg_v14,Bataceae,Bataceae
190,apg_v14,Baueraceae,Cunoniaceae
191,apg_v14,Bauhiniaceae,Fabaceae
192,apg_v14,Baxteriaceae,Dasypogonaceae
193,apg_v14,Begoniaceae,Begoniaceae
194,apg_v14,Behniaceae,Asparagaceae
195,apg_v14,Belangeraceae,Cunoniaceae
196,apg_v14,Belloniaceae,Gesneriaceae
197,apg_v14,Bembiciaceae,Salicaceae
198,apg_v14,Berberidaceae,Berberidaceae
199,apg_v14,Berberidopsidaceae,Berberidopsidaceae
200,apg_v14,Berryaceae,Malvaceae
201,apg_v14,Bersamaceae,Francoaceae
202,apg_v14,Bertyaceae,Euphorbiaceae
203,apg_v14,Berzeliaceae,Bruniaceae
204,apg_v14,Besleriaceae,Gesneriaceae
205,apg_v14,Betaceae,Amaranthaceae
206,apg_v14,Betulaceae,Betulaceae
207,apg_v14,Biebersteiniaceae,Biebersteiniaceae
208,apg_v14,Bifariaceae,Santalaceae
209,apg_v14,Bignoniaceae,Bignoniaceae
210,apg_v14,Bischofiaceae,Phyllanthaceae
211,apg_v14,Bixaceae,Bixaceae
212,apg_v14,Blakeaceae,Melastomataceae
213,apg_v14,Blandfordiaceae,Blandfordiaceae
214,apg_v14,Blattiaceae,Lythraceae
215,apg_v14,Blechnaceae,Blechnaceae
216,apg_v14,Blepharocaryaceae,Anacardiaceae
217,apg_v14,Blitaceae,Amaranthaceae
218,apg_v14,Blyxaceae,Hydrocharitaceae
219,apg_v14,Boerlagellaceae,Sapotaceae
220,apg_v14,Bogutchanthaceae,Bogutchanthaceae
221,apg_v14,Bolbitidaceae,Dryopteridaceae
222,apg_v14,Bolivaraceae,Oleaceae
223,apg_v14,Bombacaceae,Malvaceae
224,apg_v14,Bonnetiaceae,Bonnetiaceae
225,apg_v14,Bontiaceae,Scrophulariaceae
226,apg_v14,Boopidaceae,Calyceraceae
227,apg_v14,Boraginaceae,Boraginaceae
228,apg_v14,Borassaceae,Arecaceae
229,apg_v14,Boroniaceae,Rutaceae
230,apg_v14,Borthwickiaceae,Resedaceae
231,apg_v14,Boryaceae,Boryaceae
232,apg_v14,Botrychiaceae,Ophioglossaceae
233,apg_v14,Botryodendraceae,Araliaceae
234,apg_v14,Bougainvilleaceae,Nyctaginaceae
235,apg_v14,Boweniaceae,Zamiaceae
236,apg_v14,Brachycaulaceae,Saxifragaceae
237,apg_v14,Bracteocarpaceae,Podocarpaceae
238,apg_v14,Brassicaceae,Brassicaceae
239,apg_v14,Bretschneideraceae,Akaniaceae
240,apg_v14,Brexiaceae,Celastraceae
241,apg_v14,Bromaceae,Poaceae
242,apg_v14,Bromeliaceae,Bromeliaceae
243,apg_v14,Browalliaceae,Solanaceae
244,apg_v14,Brownlowiaceae,Malvaceae
245,apg_v14,Brunelliaceae,Brunelliaceae
246,apg_v14,Bruniaceae,Bruniaceae
247,apg_v14,Brunoniaceae,Goodeniaceae
248,apg_v14,Brunsvigiaceae,Amaryllidaceae
249,apg_v14,Bryoniaceae,Cucurbitaceae
250,apg_v14,Buchneraceae,Orobanchaceae
251,apg_v14,Bucidaceae,Combretaceae
252,apg_v14,Buddlejaceae,Scrophulariaceae
253,apg_v14,Buglossaceae,Boraginaceae
254,apg_v14,Bulbocodiaceae,Colchicaceae
255,apg_v14,Bumeliaceae,Sapotaceae
256,apg_v14,Bupleuraceae,Apiaceae
257,apg_v14,Burchardiaceae,Colchicaceae
258,apg_v14,Burmanniaceae,Burmanniaceae
259,apg_v14,Burseraceae,Burseraceae
260,apg_v14,Butneriaceae,Calycanthaceae
261,apg_v14,Butomaceae,Butomaceae
262,apg_v14,Buxaceae,Buxaceae
263,apg_v14,Byblidaceae,Byblidaceae
264,apg_v14,Byttneriaceae,Malvaceae
265,apg_v14,Cabombaceae,Cabombaceae
266,apg_v14,Cacaoaceae,Malvaceae
267,apg_v14,Cactaceae,Cactaceae
268,apg_v14,Caesalpiniaceae,Fabaceae
269,apg_v14,Caladiaceae,Araceae
270,apg_v14,Calamaceae,Arecaceae
271,apg_v14,Calceolariaceae,Calceolariaceae
272,apg_v14,Calectasiaceae,Dasypogonaceae
273,apg_v14,Calendulaceae,Asteraceae
274,apg_v14,Callaceae,Araceae
275,apg_v14,Callicomaceae,Cunoniaceae
276,apg_v14,Calligonaceae,Polygonaceae
277,apg_v14,Callitrichaceae,Plantaginaceae
278,apg_v14,Callitridaceae,Cupressaceae
279,apg_v14,Calochortaceae,Liliaceae
280,apg_v14,Calophyllaceae,Calophyllaceae
281,apg_v14,Calthaceae,Ranunculaceae
282,apg_v14,Calycanthaceae,Calycanthaceae
283,apg_v14,Calyceraceae,Calyceraceae
284,apg_v14,Cambogiaceae,Clusiaceae
285,apg_v14,Camelliaceae,Theaceae
286,apg_v14,Campanulaceae,Campanulaceae
287,apg_v14,Camptothecaceae,Nyssaceae
288,apg_v14,Campynemataceae,Campynemataceae
289,apg_v14,Canacomyricaceae,Myricaceae
290,apg_v14,Canellaceae,Canellaceae
291,apg_v14,Cannabaceae,Cannabaceae
292,apg_v14,Cannaceae,Cannaceae
293,apg_v14,Canopodaceae,Santalaceae
294,apg_v14,Canotiaceae,Celastraceae
295,apg_v14,Cansjeraceae,Opiliaceae
296,apg_v14,Capparaceae,Capparaceae
297,apg_v14,Caprariaceae,Scrophulariaceae
298,apg_v14,Caprifoliaceae,Caprifoliaceae
299,apg_v14,Cardiopteridaceae,Cardiopteridaceae
300,apg_v14,Carduaceae,Asteraceae
301,apg_v14,Caricaceae,Caricaceae
302,apg_v14,Carissaceae,Apocynaceae
303,apg_v14,Carlemanniaceae,Carlemanniaceae
304,apg_v14,Carlinaceae,Asteraceae
305,apg_v14,Carpinaceae,Betulaceae
306,apg_v14,Carpodetaceae,Rousseaceae
307,apg_v14,Cartonemataceae,Commelinaceae
308,apg_v14,Caryocaraceae,Caryocaraceae
309,apg_v14,Caryophyllaceae,Caryophyllaceae
310,apg_v14,Cassiaceae,Fabaceae
311,apg_v14,Cassipoureaceae,Rhizophoraceae
312,apg_v14,Cassythaceae,Lauraceae
313,apg_v14,Castaneaceae,Fagaceae
314,apg_v14,Castelaceae,Simaroubaceae
315,apg_v14,Casuarinaceae,Casuarinaceae
316,apg_v14,Catesbaeaceae,Rubiaceae
317,apg_v14,Cathedraceae,Aptandraceae
318,apg_v14,Caucaulidaceae,Apiaceae
319,apg_v14,Cecropiaceae,Urticaceae
320,apg_v14,Cedraceae,Pinaceae
321,apg_v14,Cedrelaceae,Meliaceae
322,apg_v14,Celastraceae,Celastraceae
323,apg_v14,Celosiaceae,Amaranthaceae
324,apg_v14,Celtidaceae,Cannabaceae
325,apg_v14,Centaureaceae,Asteraceae
326,apg_v14,Centrolepidaceae,Restionaceae
327,apg_v14,Centroplacaceae,Centroplacaceae
328,apg_v14,Cepaceae,Amaryllidaceae
329,apg_v14,Cephalanthaceae,Rubiaceae
330,apg_v14,Cephalotaceae,Cephalotaceae
331,apg_v14,Cephalotaxaceae,Taxaceae
332,apg_v14,Cerastiaceae,Caryophyllaceae
333,apg_v14,Ceratoniaceae,Fabaceae
334,apg_v14,Ceratophyllaceae,Ceratophyllaceae
335,apg_v14,Ceratopteridaceae,Pteridaceae
336,apg_v14,Cerberaceae,Apocynaceae
337,apg_v14,Cercidiphyllaceae,Cercidiphyllaceae
338,apg_v14,Cercocarpaceae,Rosaceae
339,apg_v14,Cercodiaceae,Haloragaceae
340,apg_v14,Cereaceae,Cactaceae
341,apg_v14,Cerinthaceae,Boraginaceae
342,apg_v14,Ceroxylaceae,Arecaceae
343,apg_v14,Cervantesiaceae,Santalaceae
344,apg_v14,Cestraceae,Solanaceae
345,apg_v14,Cevalliaceae,Loasaceae
346,apg_v14,Chaeturaceae,Poaceae
347,apg_v14,Chailletiaceae,Dichapetalaceae
348,apg_v14,Chamaedoraceae,Arecaceae
349,apg_v14,Chamaemoraceae,Rosaceae
350,apg_v14,Chamelauciaceae,Myrtaceae
351,apg_v14,Chaunochitonaceae,Aptandraceae
352,apg_v14,Cheilanthaceae,Pteridaceae
353,apg_v14,Cheilosaceae,Euphorbiaceae
354,apg_v14,Cheiropleuriaceae,Dipteridaceae
355,apg_v14,Chelidoniaceae,Papaveraceae
356,apg_v14,Chelonaceae,Plantaginaceae
357,apg_v14,Chenopodiaceae,Amaranthaceae
358,apg_v14,Chimonanthaceae,Calycanthaceae
359,apg_v14,Chingithamnaceae,Celastraceae
360,apg_v14,Chionographidaceae,Melanthiaceae
361,apg_v14,Chiranthodendraceae,Malvaceae
362,apg_v14,Chironiaceae,Gentianaceae
363,apg_v14,Chlaenaceae,Sarcolaenaceae
364,apg_v14,Chloanthaceae,Lamiaceae
365,apg_v14,Chloranthaceae,Chloranthaceae
366,apg_v14,Chloridaceae,Poaceae
367,apg_v14,Chlorogalaceae,Asparagaceae
368,apg_v14,Christenseniaceae,Marattiaceae
369,apg_v14,Chrysobalanaceae,Chrysobalanaceae
370,apg_v14,Chrysospleniaceae,Saxifragaceae
371,apg_v14,Cibotiaceae,Cibotiaceae
372,apg_v14,Ciceraceae,Fabaceae
373,apg_v14,Cichoriaceae,Asteraceae
374,apg_v14,Cimicifugaceae,Ranunculaceae
375,apg_v14,Cinchoniaceae,Rubiaceae
376,apg_v14,Circaeaceae,Onagraceae
377,apg_v14,Circaeasteraceae,Circaeasteraceae
378,apg_v14,Cissaceae,Vitaceae
379,apg_v14,Cistaceae,Cistaceae
380,apg_v14,Citraceae,Rutaceae
381,apg_v14,Clematidaceae,Ranunculaceae
382,apg_v14,Cleomaceae,Cleomaceae
383,apg_v14,Clethraceae,Clethraceae
384,apg_v14,Clusiaceae,Clusiaceae
385,apg_v14,Cneoraceae,Rutaceae
386,apg_v14,Cnestidaceae,Connaraceae
387,apg_v14,Cnicaceae,Asteraceae
388,apg_v14,Cobaeaceae,Polemoniaceae
389,apg_v14,Cochlospermaceae,Bixaceae
390,apg_v14,Cocosaceae,Arecaceae
391,apg_v14,Codonaceae,Codonaceae
392,apg_v14,Coeleanthaceae,Poaceae
393,apg_v14,Coffeaceae,Rubiaceae
394,apg_v14,Colchicaceae,Colchicaceae
395,apg_v14,Coldeniaceae,Cordiaceae
396,apg_v14,Coleogynaceae,Rosaceae
397,apg_v14,Colocasiaceae,Araceae
398,apg_v14,Columelliaceae,Columelliaceae
399,apg_v14,Comandraceae,Santalaceae
400,apg_v14,Combretaceae,Combretaceae
401,apg_v14,Commelinaceae,Commelinaceae
402,apg_v14,Comocladiaceae,Anacardiaceae
403,apg_v14,Compositae,Compositae
404,apg_v14,Compsoaceae,Calochortoideae
405,apg_v14,Conantheraceae,Tecophilaeaceae
406,apg_v14,Connaraceae,Connaraceae
407,apg_v14,Conostylidaceae,Haemodoraceae
408,apg_v14,Convallariaceae,Asparagaceae
409,apg_v14,Convolvulaceae,Convolvulaceae
410,apg_v14,Corbichoniaceae,Lophiocarpaceae
411,apg_v14,Cordiaceae,Cordiaceae
412,apg_v14,Coreopsidaceae,Asteraceae
413,apg_v14,Coriandraceae,Apiaceae
414,apg_v14,Coriariaceae,Coriariaceae
415,apg_v14,Coridaceae,Primulaceae
416,apg_v14,Corispermaceae,Amaranthaceae
417,apg_v14,Cornaceae,Cornaceae
418,apg_v14,Corokiaceae,Argophyllaceae
419,apg_v14,Coronillaceae,Fabaceae
420,apg_v14,Correaceae,Rutaceae
421,apg_v14,Corrigiolaceae,Caryophyllaceae
422,apg_v14,Corsiaceae,Corsiaceae
423,apg_v14,Corydalaceae,Papaveraceae
424,apg_v14,Corylaceae,Betulaceae
425,apg_v14,Corynocarpaceae,Corynocarpaceae
426,apg_v14,Coryphaceae,Arecaceae
427,apg_v14,Costaceae,Costaceae
428,apg_v14,Cotyledonaceae,Crassulaceae
429,apg_v14,Coulaceae,Coulaceae
430,apg_v14,Coutariaceae,Rubiaceae
431,apg_v14,Coutoubeaceae,Gentianaceae
432,apg_v14,Crassulaceae,Crassulaceae
433,apg_v14,Crescentiaceae,Bignoniaceae
434,apg_v14,Cressaceae,Convolvulaceae
435,apg_v14,Crinaceae,Amaryllidaceae
436,apg_v14,Crocaceae,Iridaceae
437,apg_v14,Croomiaceae,Stemonaceae
438,apg_v14,Crossosomataceae,Crossosomataceae
439,apg_v14,Crotonaceae,Euphorbiaceae
440,apg_v14,Cruciferae,Cruciferae
441,apg_v14,Cryptaceae,Elatinaceae
442,apg_v14,Crypteroniaceae,Crypteroniaceae
443,apg_v14,Cryptocorynaceae,Araceae
444,apg_v14,Cryptogammaceae,Pteridaceae
445,apg_v14,Cryptomeriaceae,Cupressaceae
446,apg_v14,Ctenolophonaceae,Ctenolophonaceae
447,apg_v14,Cucurbitaceae,Cucurbitaceae
448,apg_v14,Culcitaceae,Culcitaceae
449,apg_v14,Cunninghamiaceae,Cupressaceae
450,apg_v14,Cunoniaceae,Cunoniaceae
451,apg_v14,Cupressaceae,Cupressaceae
452,apg_v14,Curcumaceae,Zingiberaceae
453,apg_v14,Curtisiaceae,Curtisiaceae
454,apg_v14,Cuscutaceae,Convolvulaceae
455,apg_v14,Cyananthaceae,Campanulaceae
456,apg_v14,Cyanastraceae,Tecophilaeaceae
457,apg_v14,Cyanellaceae,Tecophilaeaceae
458,apg_v14,Cyatheaceae,Cyatheaceae
459,apg_v14,Cycadaceae,Cycadaceae
460,apg_v14,Cyclanthaceae,Cyclanthaceae
461,apg_v14,Cyclantheraceae,Cucurbitaceae
462,apg_v14,Cyclocheilaceae,Orobanchaceae
463,apg_v14,Cydoniaceae,Rosaceae
464,apg_v14,Cymodoceaceae,Cymodoceaceae
465,apg_v14,Cynanchaceae,Apocynaceae
466,apg_v14,Cynaraceae,Asteraceae
467,apg_v14,Cynocrambaceae,Rubiaceae
468,apg_v14,Cynodontaceae,Poaceae
469,apg_v14,Cynoglossaceae,Boraginaceae
470,apg_v14,Cynomoriaceae,Cynomoriaceae
471,apg_v14,Cynosuraceae,Poaceae
472,apg_v14,Cyperaceae,Cyperaceae
473,apg_v14,Cyphiaceae,Campanulaceae
474,apg_v14,Cyphocarpaceae,Campanulaceae
475,apg_v14,Cypripediaceae,Orchidaceae
476,apg_v14,Cyrillaceae,Cyrillaceae
477,apg_v14,Cyrtandraceae,Gesneriaceae
478,apg_v14,Cyrtanthaceae,Amaryllidaceae
479,apg_v14,Cystodiaceae,Cystodiaceae
480,apg_v14,Cystopteridaceae,Cystopteridaceae
481,apg_v14,Cytinaceae,Cytinaceae
482,apg_v14,Dacrycarpaceae,Podocarpacea
483,apg_v14,Dactylanthaceae,Balanophoraceae
484,apg_v14,Dalbergiaceae,Fabaceae
485,apg_v14,Daleaceae,Fabaceae
486,apg_v14,Damasoniaceae,Alismataceae
487,apg_v14,Danaeaceae,Marattiaceae
488,apg_v14,Daphnaceae,Thymelaeaceae
489,apg_v14,Daphniphyllaceae,Daphniphyllaceae
490,apg_v14,Dasypogonaceae,Dasypogonaceae
491,apg_v14,Datiscaceae,Datiscaceae
492,apg_v14,Daturaceae,Solanaceae
493,apg_v14,Daucaceae,Apiaceae
494,apg_v14,Davalliaceae,Davalliaceae
495,apg_v14,Davidiaceae,Nyssaceae
496,apg_v14,Davidsoniaceae,Cunoniaceae
497,apg_v14,Decaisneaceae,Lardizabalaceae
498,apg_v14,Deeringiaceae,Amaranthaceae
499,apg_v14,Degeneriaceae,Degeneriaceae
500,apg_v14,Delimaceae,Dilleniaceae
501,apg_v14,Delphiniaceae,Ranunculaceae
502,apg_v14,Dendrophthoaceae,Loranthaceae
503,apg_v14,Dennstaedtiaceae,Dennstaedtiaceae
504,apg_v14,Desfontainiaceae,Columelliaceae
505,apg_v14,Detariaceae,Fabaceae
506,apg_v14,Dialypetalanthaceae,Rubiaceae
507,apg_v14,Dianellaceae,Asphodelaceae
508,apg_v14,Dianthaceae,Caryophyllaceae
509,apg_v14,Diapensiaceae,Diapensiaceae
510,apg_v14,Dichapetalaceae,Dichapetalaceae
511,apg_v14,Dichondraceae,Convolvulaceae
512,apg_v14,Dicksoniaceae,Dicksoniaceae
513,apg_v14,Diclidantheraceae,Polygalaceae
514,apg_v14,Dicrastylidiaceae,Lamiaceae
515,apg_v14,Dictamnaceae,Rutaceae
516,apg_v14,Didiereaceae,Didiereaceae
517,apg_v14,Didymelaceae,Buxaceae
518,apg_v14,Didymocarpaceae,Gesneriaceae
519,apg_v14,Diegodendraceae,Bixaceae
520,apg_v14,Diervillaceae,Caprifoliaceae
521,apg_v14,Digitalidaceae,Plantaginaceae
522,apg_v14,Dilatridaceae,Haemodoraceae
523,apg_v14,Dilleniaceae,Dilleniaceae
524,apg_v14,Dioaceae,Zamiaceae
525,apg_v14,Dionaeaceae,Droseraceae
526,apg_v14,Dioncophyllaceae,Dioncophyllaceae
527,apg_v14,Dioscoreaceae,Dioscoreaceae
528,apg_v14,Diosmaceae,Rutaceae
529,apg_v14,Diospyraceae,Ebenaceae
530,apg_v14,Dipentodontaceae,Dipentodontaceae
531,apg_v14,Diphylleiaceae,Berberidaceae
532,apg_v14,Diplaziopsidaceae,Diplaziopsidaceae
533,apg_v14,Diplolaenaceae,Rutaceae
534,apg_v14,Dipsacaceae,Caprifoliaceae
535,apg_v14,Dipteridaceae,Dipteridaceae
536,apg_v14,Dipterocarpaceae,Dipterocarpaceae
537,apg_v14,Dirachmaceae,Dirachmaceae
538,apg_v14,Disanthaceae,Hamamelidaceae
539,apg_v14,Diselmaceae,Cupressaceae
540,apg_v14,Dodonaeaceae,Sapindaceae
541,apg_v14,Dombeyaceae,Malvaceae
542,apg_v14,Donatiaceae,Stylidiaceae
543,apg_v14,Dorsteniaceae,Moraceae
544,apg_v14,Dortmannaceae,Campanulaceae
545,apg_v14,Doryanthaceae,Doryanthaceae
546,apg_v14,Drabaceae,Brassicaceae
547,apg_v14,Dracaenaceae,Asparagaceae
548,apg_v14,Dracontiaceae,Araceae
549,apg_v14,Drimyidaceae,Winteraceae
550,apg_v14,Droseraceae,Droseraceae
551,apg_v14,Drosophyllaceae,Drosophyllaceae
552,apg_v14,Dryadaceae,Rosaceae
553,apg_v14,Drynariaceae,Polypodiaceae
554,apg_v14,Dryopteridaceae,Dryopteridaceae
555,apg_v14,Duabangaceae,Lythraceae
556,apg_v14,Duckeodendraceae,Solanaceae
557,apg_v14,Dulongiaceae,Phyllonomaceae
558,apg_v14,Durantaceae,Verbenaceae
559,apg_v14,Durionaceae,Malvaceae
560,apg_v14,Dysphaniaceae,Amaranthaceae
561,apg_v14,Ebenaceae,Ebenaceae
562,apg_v14,Eccremidaceae,Asphodelaceae
563,apg_v14,Ecdeiocoleaceae,Ecdeiocoleaceae
564,apg_v14,Echiaceae,Boraginaceae
565,apg_v14,Echinariaceae,Poaceae
566,apg_v14,Echinopaceae,Asteraceae
567,apg_v14,Ehretiaceae,Ehretiaceae
568,apg_v14,Ehrhartaceae,Poaceae
569,apg_v14,Elaeagnaceae,Elaeagnaceae
570,apg_v14,Elaeocarpaceae,Elaeocarpaceae
571,apg_v14,Elaphoglossaceae,Dryopteridaceae
572,apg_v14,Elatinaceae,Elatinaceae
573,apg_v14,Elegiaceae,Restionaceae
574,apg_v14,Ellisiaceae,Hydrophyllaceae
575,apg_v14,Ellisiophyllaceae,Plantaginaceae
576,apg_v14,Elodeaceae,Hydrocharitaceae
577,apg_v14,Elytranthaceae,Loranthaceae
578,apg_v14,Embeliaceae,Primulaceae
579,apg_v14,Emblingiaceae,Emblingiaceae
580,apg_v14,Emmotaceae,Metteniusaceae
581,apg_v14,Empetraceae,Ericaceae
582,apg_v14,Encephalartaceae,Zamiaceae
583,apg_v14,Engelhardtiaceae,Juglandaceae
584,apg_v14,Enhalaceae,Hydrocharitaceae
585,apg_v14,Epacridaceae,Ericaceae
586,apg_v14,Ephedraceae,Ephedraceae
587,apg_v14,Ephemeranthaceae,Commelinaceae
588,apg_v14,Epilobiaceae,Onagraceae
589,apg_v14,Epimediaceae,Berberidaceae
590,apg_v14,Equisetaceae,Equisetaceae
591,apg_v14,Eragrostidaceae,Poaceae
592,apg_v14,Eremolepidaceae,Santalaceae
593,apg_v14,Eremosynaceae,Escalloniaceae
594,apg_v14,Ericaceae,Ericaceae
595,apg_v14,Erinaceae,Orobanchaceae
596,apg_v14,Eriocaulaceae,Eriocaulaceae
597,apg_v14,Eriogonaceae,Polygonaceae
598,apg_v14,Eriospermaceae,Asparagaceae
599,apg_v14,Erodiaceae,Geraniaceae
600,apg_v14,Erycibaceae,Convolvulaceae
601,apg_v14,Eryngiaceae,Apiaceae
602,apg_v14,Erysimaceae,Brassicaceae
603,apg_v14,Erythroniaceae,Liliaceae
604,apg_v14,Erythropalaceae,Erythropalaceae
605,apg_v14,Erythrospermaceae,Achariaceae
606,apg_v14,Erythroxylaceae,Erythroxylaceae
607,apg_v14,Escalloniaceae,Escalloniaceae
608,apg_v14,Eschscholziaceae,Papaveraceae
609,apg_v14,Eucomidaceae,Asparagaceae
610,apg_v14,Eucommiaceae,Eucommiaceae
611,apg_v14,Eucryphiaceae,Cunoniaceae
612,apg_v14,Eugeniaceae,Myrtaceae
613,apg_v14,Euonymaceae,Celastraceae
614,apg_v14,Eupatoriaceae,Asteraceae
615,apg_v14,Euphorbiaceae,Euphorbiaceae
616,apg_v14,Euphrasiaceae,Orobanchaceae
617,apg_v14,Euphroniaceae,Euphroniaceae
618,apg_v14,Eupomatiaceae,Eupomatiaceae
619,apg_v14,Eupteleaceae,Eupteleaceae
620,apg_v14,Euryalaceae,Nymphaeaceae
621,apg_v14,Eustrephaceae,Asparagaceae
622,apg_v14,Euthemidaceae,Ochnaceae
623,apg_v14,Eutocaceae,Hydrophyllaceae
624,apg_v14,Evolvulaceae,Convolvulaceae
625,apg_v14,Exbucklandiaceae,Hamamelidaceae
626,apg_v14,Exocarpaceae,Santalaceae
627,apg_v14,Fabaceae,Fabaceae
628,apg_v14,Fagaceae,Fagaceae
629,apg_v14,Falcatifoliaceae,Podocarpaceae
630,apg_v14,Ferulaceae,Apiaceae
631,apg_v14,Festucaceae,Poaceae
632,apg_v14,Ficaceae,Moraceae
633,apg_v14,Ficoidaceae,Aizoaceae
634,apg_v14,Filicaceae,Dryopteridaceae
635,apg_v14,Fitzroyaceae,Cupressaceae
636,apg_v14,Flacourtiaceae,Salicaceae
637,apg_v14,Flagellariaceae,Flagellariaceae
638,apg_v14,Flindersiaceae,Rutaceae
639,apg_v14,Foetidiaceae,Lecythidaceae
640,apg_v14,Forestieraceae,Oleaceae
641,apg_v14,Fothergillaceae,Hamamelidaceae
642,apg_v14,Fouquieriaceae,Fouquieriaceae
643,apg_v14,Fragariaceae,Rosaceae
644,apg_v14,Francoaceae,Francoaceae
645,apg_v14,Frangulaceae,Rhamnaceae
646,apg_v14,Frankeniaceae,Frankeniaceae
647,apg_v14,Fraxinaceae,Oleaceae
648,apg_v14,Fraxinellaceae,Rutaceae
649,apg_v14,Freycinetiaceae,Pandanaceae
650,apg_v14,Fritillariaceae,Liliaceae
651,apg_v14,Fuchsiaceae,Onagraceae
652,apg_v14,Fumariaceae,Papaveraceae
653,apg_v14,Funkiaceae,Asparagaceae
654,apg_v14,Gaiadendraceae,Loranthaceae
655,apg_v14,Galacinaceae,Diapensiaceae
656,apg_v14,Galanthaceae,Amaryllidaceae
657,apg_v14,Galaxiaceae,Iridaceae
658,apg_v14,Galedupaceae,Fabaceae
659,apg_v14,Galeniaceae,Aizoaceae
660,apg_v14,Galiaceae,Rubiaceae
661,apg_v14,Garciniaceae,Clusiaceae
662,apg_v14,Gardeniaceae,Rubiaceae
663,apg_v14,Gardneriaceae,Loganiaceae
664,apg_v14,Garryaceae,Garryaceae
665,apg_v14,Geissolomataceae,Geissolomataceae
666,apg_v14,Geitonoplesiaceae,Asphodelaceae
667,apg_v14,Gelsemiaceae,Gelsemiaceae
668,apg_v14,Geniostomataceae,Loganiaceae
669,apg_v14,Gentianaceae,Gentianaceae
670,apg_v14,Geoffroeaceae,Fabaceae
671,apg_v14,Geonomataceae,Arecaceae
672,apg_v14,Geosiridaceae,Iridaceae
673,apg_v14,Geraniaceae,Geraniaceae
674,apg_v14,Gerrardinaceae,Gerrardinaceae
675,apg_v14,Gesneriaceae,Gesneriaceae
676,apg_v14,Gethyllidaceae,Amaryllidaceae
677,apg_v14,Gilliesiaceae,Amaryllidaceae
678,apg_v14,Ginalloaceae,Santalaceae
679,apg_v14,Ginkgoaceae,Ginkgoaceae
680,apg_v14,Gisekiaceae,Gisekiaceae
681,apg_v14,Gladiolaceae,Iridaceae
682,apg_v14,Glaucidiaceae,Ranunculaceae
683,apg_v14,Glechomaceae,Lamiaceae
684,apg_v14,Gleicheniaceae,Gleicheniaceae
685,apg_v14,Glinaceae,Molluginaceae
686,apg_v14,Globulariaceae,Plantaginaceae
687,apg_v14,Glyceriaceae,Poaceae
688,apg_v14,Gnaphaliaceae,Asteraceae
689,apg_v14,Gnetaceae,Gnetaceae
690,apg_v14,Gnidiaceae,Thymelaeaceae
691,apg_v14,Goetzeaceae,Solanaceae
692,apg_v14,Gomortegaceae,Gomortegaceae
693,apg_v14,Gomphiaceae,Ochnaceae
694,apg_v14,Gomphrenaceae,Amaranthaceae
695,apg_v14,Gonystylaceae,Thymelaeaceae
696,apg_v14,Goodeniaceae,Goodeniaceae
697,apg_v14,Gordoniaceae,Theaceae
698,apg_v14,Gouaniaceae,Rhamnaceae
699,apg_v14,Goupiaceae,Goupiaceae
700,apg_v14,Gramineae,Gramineae
701,apg_v14,Grammitidaceae,Polypodiaceae
702,apg_v14,Gratiolaceae,Plantaginaceae
703,apg_v14,Grewiaceae,Malvaceae
704,apg_v14,Greyiaceae,Francoaceae
705,apg_v14,Grielaceae,Neuradaceae
706,apg_v14,Grindeliaceae,Asteraceae
707,apg_v14,Griseliniaceae,Griseliniaceae
708,apg_v14,Gronoviaceae,Loasaceae
709,apg_v14,Grossulariaceae,Grossulariaceae
710,apg_v14,Grubbiaceae,Grubbiaceae
711,apg_v14,Guaiacanaceae,Ebenaceae
712,apg_v14,Guamatelaceae,Guamatelaceae
713,apg_v14,Guettardaceae,Rubiaceae
714,apg_v14,Gunneraceae,Gunneraceae
715,apg_v14,Gustaviaceae,Lecythidaceae
716,apg_v14,Guttiferae,Clusiaceae
717,apg_v14,Gymnogrammitidaceae,Polypodiaceae
718,apg_v14,Gyrocarpaceae,Hernandiaceae
719,apg_v14,Gyrostemonaceae,Gyrostemonaceae
720,apg_v14,Hachetteaceae,Balanophoraceae
721,apg_v14,Haemanthaceae,Amaryllidaceae
722,apg_v14,Haemodoraceae,Haemodoraceae
723,apg_v14,Halesiaceae,Styracaceae
724,apg_v14,Halleriaceae,Stilbaceae
725,apg_v14,Halocarpaceae,Podocarpaceae
726,apg_v14,Halophilaceae,Hydrocharitaceae
727,apg_v14,Halophytaceae,Halophytaceae
728,apg_v14,Haloragaceae,Haloragaceae
729,apg_v14,Hamamelidaceae,Hamamelidaceae
730,apg_v14,Hameliaceae,Rubiaceae
731,apg_v14,Hanguanaceae,Hanguanaceae
732,apg_v14,Haptanthaceae,Buxacea
733,apg_v14,Harmandiaceae,Aptandraceae
734,apg_v14,Hebenstretiaceae,Scrophulariaceae
735,apg_v14,Hectorellaceae,Montiaceae
736,apg_v14,Hederaceae,Araliaceae
737,apg_v14,Hedyosmaceae,Chloranthaceae
738,apg_v14,Hedyotidaceae,Rubiaceae
739,apg_v14,Hedysaraceae,Fabaceae
740,apg_v14,Heisteriaceae,Erythropalaceae
741,apg_v14,Heleniaceae,Asteraceae
742,apg_v14,Heliamphoraceae,Sarraceniaceae
743,apg_v14,Helianthaceae,Asteraceae
744,apg_v14,Helianthemaceae,Cistaceae
745,apg_v14,Helichrysaceae,Asteraceae
746,apg_v14,Heliconiaceae,Heliconiaceae
747,apg_v14,Helicteraceae,Malvaceae
748,apg_v14,Heliotropiaceae,Heliotropiaceae
749,apg_v14,Helleboraceae,Ranunculaceae
750,apg_v14,Helmithostachyaceae,Ophioglossaceae
751,apg_v14,Heloniadaceae,Melanthiaceae
752,apg_v14,Helosidaceae,Balanophoraceae
753,apg_v14,Helwingiaceae,Helwingiaceae
754,apg_v14,Hemerocallidaceae,Asphodelaceae
755,apg_v14,Hemidictyaceae,Hemidictyaceae
756,apg_v14,Hemimeridaceae,Scrophulariaceae
757,apg_v14,Hemionotidaceae,Pteridaceae
758,apg_v14,Hemiphylacaceae,Asparagaceae
759,apg_v14,Henriqueziaceae,Rubiaceae
760,apg_v14,Henslowiaceae,Crypteroniaceae
761,apg_v14,Hermanniaceae,Malvaceae
762,apg_v14,Hernandiaceae,Hernandiaceae
763,apg_v14,Herniariaceae,Caryophyllaceae
764,apg_v14,Herreriaceae,Asparagaceae
765,apg_v14,Hesperocallidaceae,Asparagaceae
766,apg_v14,Heterantheraceae,Pontederiaceae
767,apg_v14,Heteropyxidaceae,Myrtaceae
768,apg_v14,Heterostylaceae,Juncaginaceae
769,apg_v14,Hewardiaceae,Iridaceae
770,apg_v14,Hibbertiaceae,Dilleniaceae
771,apg_v14,Hibiscaceae,Malvaceae
772,apg_v14,Hilleriaceae,Petiveriaceae
773,apg_v14,Himantandraceae,Himantandraceae
774,apg_v14,Hippocastanaceae,Sapindaceae
775,apg_v14,Hippocrateaceae,Celastraceae
776,apg_v14,Hippomanaceae,Euphorbiaceae
777,apg_v14,Hippophaeaceae,Elaeagnaceae
778,apg_v14,Hippuridaceae,Plantaginaceae
779,apg_v14,Hirtellaceae,Chrysobalanaceae
780,apg_v14,Holacanthaceae,Simaroubaceae
781,apg_v14,Holcaceae,Poaceae
782,apg_v14,Homaliaceae,Salicaceae
783,apg_v14,Hopkinsiaceae,Restionaceae
784,apg_v14,Hoplestigmataceae,Cordiaceae
785,apg_v14,Hordeaceae,Poaceae
786,apg_v14,Hornschuchiaceae,Annonaceae
787,apg_v14,Hortensiaceae,Hydrangeaceae
788,apg_v14,Hortoniaceae,Monimiaceae
789,apg_v14,Hostaceae,Asparagaceae
790,apg_v14,Hottoniaceae,Primulaceae
791,apg_v14,Houstoniaceae,Rubiaceae
792,apg_v14,Huaceae,Huaceae
793,apg_v14,Huerteaceae,Tapisciaceae
794,apg_v14,Hugoniaceae,Linaceae
795,apg_v14,Humbertiaceae,Convolvulaceae
796,apg_v14,Humiriaceae,Humiriaceae
797,apg_v14,Humulaceae,Cannabaceae
798,apg_v14,Hyacinthaceae,Asparagaceae
799,apg_v14,Hydatellaceae,Hydatellaceae
800,apg_v14,Hydnoraceae,Aristolochiaceae
801,apg_v14,Hydrangeaceae,Hydrangeaceae
802,apg_v14,Hydrastidaceae,Ranunculaceae
803,apg_v14,Hydrillaceae,Hydrocharitaceae
804,apg_v14,Hydroceraceae,Balsaminaceae
805,apg_v14,Hydrocharitaceae,Hydrocharitaceae
806,apg_v14,Hydrocotylaceae,Araliaceae
807,apg_v14,Hydrogetonaceae,Potamogetonaceae
808,apg_v14,Hydroleaceae,Hydroleaceae
809,apg_v14,Hydropeltidaceae,Cabombaceae
810,apg_v14,Hydrophylacaceae,Rubiaceae
811,apg_v14,Hydrophyllaceae,Hydrophyllaceae
812,apg_v14,Hydrostachyaceae,Hydrostachyaceae
813,apg_v14,Hymenocardiaceae,Phyllanthaceae
814,apg_v14,Hymenophyllaceae,Hymenophyllaceae
815,apg_v14,Hymenophyllopsidaceae,Cyatheaceae
816,apg_v14,Hyoscyamaceae,Solanaceae
817,apg_v14,Hypecoaceae,Papaveraceae
818,apg_v14,Hyperantheraceae,Moringaceae
819,apg_v14,Hypericaceae,Hypericaceae
820,apg_v14,Hypodematiaceae,Hypodematiaceae
821,apg_v14,Hypolepidaceae,Dennstaedtiaceae
822,apg_v14,Hypopityaceae,Ericaceae
823,apg_v14,Hypoxidaceae,Hypoxidaceae
824,apg_v14,Hypseocharitaceae,Geraniaceae
825,apg_v14,Icacinaceae,Icacinaceae
826,apg_v14,Idiospermaceae,Calycanthaceae
827,apg_v14,Ilicaceae,Aquifoliaceae
828,apg_v14,Illecebraceae,Caryophyllaceae
829,apg_v14,Illiciaceae,Schisandraceae
830,apg_v14,Illigeraceae,Hernandiaceae
831,apg_v14,Impatientaceae,Balsaminaceae
832,apg_v14,Imperatoriaceae,Apiaceae
833,apg_v14,Inocarpaceae,Fabaceae
834,apg_v14,Inulaceae,Asteraceae
835,apg_v14,Iodaceae,Icacinaceae
836,apg_v14,Ionidiaceae,Violaceae
837,apg_v14,Iriarteaceae,Arecaceae
838,apg_v14,Iridaceae,Iridaceae
839,apg_v14,Irvingiaceae,Irvingiaceae
840,apg_v14,Isatidaceae,Brassicaceae
841,apg_v14,Isnardiaceae,Onagraceae
842,apg_v14,Isoëtaceae,Isoëtaceae
843,apg_v14,Isophysidaceae,Iridaceae
844,apg_v14,Iteaceae,Iteaceae
845,apg_v14,Ivaceae,Asteraceae
846,apg_v14,Ixerbaceae,Strasburgeriaceae
847,apg_v14,Ixiaceae,Iridaceae
848,apg_v14,Ixioliriaceae,Ixioliriaceae
849,apg_v14,Ixonanthaceae,Ixonanthaceae
850,apg_v14,Jalapaceae,Nyctaginaceae
851,apg_v14,Jamboliferaceae,Rutaceae
852,apg_v14,Japonoliriaceae,Petrosaviaceae
853,apg_v14,Jasionaceae,Campanulaceae
854,apg_v14,Jasminiaceae,Oleaceae
855,apg_v14,Johnsoniaceae,Asphodelaceae
856,apg_v14,Joinvilleaceae,Joinvilleaceae
857,apg_v14,Juglandaceae,Juglandaceae
858,apg_v14,Julianiaceae,Anacardiaceae
859,apg_v14,Juncaceae,Juncaceae
860,apg_v14,Juncaginaceae,Juncaginaceae
861,apg_v14,Juniperaceae,Cupressaceae
862,apg_v14,Jussiaeaceae,Onagraceae
863,apg_v14,Justiciaceae,Acanthaceae
864,apg_v14,Kadsuraceae,Schisandraceae
865,apg_v14,Kaliphoraceae,Montiniaceae
866,apg_v14,Kalmiaceae,Ericaceae
867,apg_v14,Kaniaceae,Myrtaceae
868,apg_v14,Kasicarpaceae,Kasicarpaceae
869,apg_v14,Kewaceae,Kewaceae
870,apg_v14,Kiggelariaceae,Achariaceae
871,apg_v14,Kingdoniaceae,Circaeasteraceae
872,apg_v14,Kingiaceae,Dasypogonaceae
873,apg_v14,Kirengeshomaceae,Hydrangeaceae
874,apg_v14,Kirkiaceae,Kirkiaceae
875,apg_v14,Kobresiaceae,Cyperaceae
876,apg_v14,Koeberliniaceae,Koeberliniaceae
877,apg_v14,Koelreuteriaceae,Sapindaceae
878,apg_v14,Krameriaceae,Krameriaceae
879,apg_v14,Labiatae,Labiatae
880,apg_v14,Lacandoniaceae,Triuridaceae
881,apg_v14,Lachenaliaceae,Asparagaceae
882,apg_v14,Lacistemataceae,Lacistemataceae
883,apg_v14,Lactoridaceae,Aristolochiaceae
884,apg_v14,Lactucaceae,Asteraceae
885,apg_v14,Lagerstroemiaceae,Lythraceae
886,apg_v14,Lagoeciaceae,Apiaceae
887,apg_v14,Laguraceae,Poaceae
888,apg_v14,Lamiaceae,Lamiaceae
889,apg_v14,Lanariaceae,Lanariaceae
890,apg_v14,Langsdorffiaceae,Balanophoraceae
891,apg_v14,Lantanaceae,Verbenaceae
892,apg_v14,Lapageriaceae,Philesiaceae
893,apg_v14,Lardizabalaceae,Lardizabalaceae
894,apg_v14,Lasiaceae,Araceae
895,apg_v14,Lasiopetalaceae,Malvaceae
896,apg_v14,Lauraceae,Lauraceae
897,apg_v14,Lawsoniaceae,Lythraceae
898,apg_v14,Laxmanniaceae,Asparagaceae
899,apg_v14,Lecythidaceae,Lecythidaceae
900,apg_v14,Ledaceae,Ericaceae
901,apg_v14,Ledocarpaceae,Francoaceae
902,apg_v14,Leeaceae,Vitaceae
903,apg_v14,Legnotidaceae,Rhizophoraceae
904,apg_v14,Leguminosae,Fabaceae
905,apg_v14,Leitneriaceae,Simaroubaceae
906,apg_v14,Lemnaceae,Araceae
907,apg_v14,Lennoaceae,Ehretiaceae
908,apg_v14,Lentibulariaceae,Lentibulariaceae
909,apg_v14,Lentiscaceae,Anacardiaceae
910,apg_v14,Leoniaceae,Violaceae
911,apg_v14,Leonticaceae,Berberidaceae
912,apg_v14,Lepidobotryaceae,Lepidobotryaceae
913,apg_v14,Lepidocarpaceae,Proteaceae
914,apg_v14,Lepidocaryaceae,Arecaceae
915,apg_v14,Lepidocerataceae,Santalaceae
916,apg_v14,Lepidothamnaceae,Podocarpaceae
917,apg_v14,Leptaulaceae,Cardiopteridaceae
918,apg_v14,Leptospermaceae,Myrtaceae
919,apg_v14,Lepturaceae,Poaceae
920,apg_v14,Lepuropetalaceae,Celastraceae
921,apg_v14,Leucojaceae,Amaryllidaceae
922,apg_v14,Leuctenbergiaceae,Cactaceae
923,apg_v14,Libocedraceae,Cupressaceae
924,apg_v14,Licaniaceae,Chrysobalanaceae
925,apg_v14,Ligustraceae,Oleaceae
926,apg_v14,Lilaeaceae,Juncaginaceae
927,apg_v14,Liliaceae,Liliaceae
928,apg_v14,Limeaceae,Limeaceae
929,apg_v14,Limnanthaceae,Limnanthaceae
930,apg_v14,Limnnopityaceae,Cupressaceae
931,apg_v14,Limnocharitaceae,Alismataceae
932,apg_v14,Limodoraceae,Orchidaceae
933,apg_v14,Limoniaceae,Plumbaginaceae
934,apg_v14,Limosellaceae,Scrophulariaceae
935,apg_v14,Linaceae,Linaceae
936,apg_v14,Linariaceae,Plantaginaceae
937,apg_v14,Lindenbergiaceae,Orobanchaceae
938,apg_v14,Linderniaceae,Linderniaceae
939,apg_v14,Lindleyaceae,Rosaceae
940,apg_v14,Lindsaeaceae,Lindsaeaceae
941,apg_v14,Linnaeaceae,Caprifoliaceae
942,apg_v14,Liparidaceae,Orchidaceae
943,apg_v14,Lippayaceae,Rubiaceae
944,apg_v14,Liriaceae,Liliaceae
945,apg_v14,Liriodendraceae,Magnoliaceae
946,apg_v14,Lissocarpaceae,Ebenaceae
947,apg_v14,Littorellaceae,Plantaginaceae
948,apg_v14,Loasaceae,Loasaceae
949,apg_v14,Lobeliaceae,Campanulaceae
950,apg_v14,Loganiaceae,Loganiaceae
951,apg_v14,Loliaceae,Poaceae
952,apg_v14,Lomandraceae,Asparagaceae
953,apg_v14,Lomariopsidaceae,Lomariopsidaceae
954,apg_v14,Lonchitidaceae,Lonchitidaceae
955,apg_v14,Loniceraceae,Caprifoliaceae
956,apg_v14,Lopeziaceae,Onagraceae
957,apg_v14,Lophiocarpaceae,Lophiocarpaceae
958,apg_v14,Lophiolaceae,Nartheciaceae
959,apg_v14,Lophiraceae,Ochnaceae
960,apg_v14,Lophophytaceae,Balanophoraceae
961,apg_v14,Lophopyxidaceae,Lophopyxidaceae
962,apg_v14,Lophosoriaceae,Dicksoniaceae
963,apg_v14,Loranthaceae,Loranthaceae
964,apg_v14,Lotaceae,Fabaceae
965,apg_v14,Lowiaceae,Lowiaceae
966,apg_v14,Loxogrammaceae,Polypodiaceae
967,apg_v14,Loxsomataceae,Loxsomataceae
968,apg_v14,Lupulaceae,Cannabaceae
969,apg_v14,Luxemburgiaceae,Ochnaceae
970,apg_v14,Luzuriagaceae,Alstroemeriaceae
971,apg_v14,Lychnidaceae,Caryophyllaceae
972,apg_v14,Lyciaceae,Solanaceae
973,apg_v14,Lycopodiaceae,Lycopodiaceae
974,apg_v14,Lyginiaceae,Restionaceae
975,apg_v14,Lygodiaceae,Lygodiaceae
976,apg_v14,Lygodisodeaceae,Rubiaceae
977,apg_v14,Lysimachiaceae,Primulaceae
978,apg_v14,Lythraceae,Lythraceae
979,apg_v14,Macarisiaceae,Rhizophoraceae
980,apg_v14,Macarthuriaceae,Macarthuriaceae
981,apg_v14,Mackinlayaceae,Apiaceae
982,apg_v14,Madiaceae,Asteraceae
983,apg_v14,Maesaceae,Primulaceae
984,apg_v14,Magnoliaceae,Magnoliaceae
985,apg_v14,Malaceae,Rosaceae
986,apg_v14,Malesherbiaceae,Passifloraceae
987,apg_v14,Malortieaceae,Arecaceae
988,apg_v14,Malpighiaceae,Malpighiaceae
989,apg_v14,Malvaceae,Malvaceae
990,apg_v14,Mangiaceae,Rhizophoraceae
991,apg_v14,Manicariaceae,Arecaceae
992,apg_v14,Mansoniaceae,Malvaceae
993,apg_v14,Mapaniaceae,Cyperaceae
994,apg_v14,Marantaceae,Marantaceae
995,apg_v14,Marathraceae,Podostemaceae
996,apg_v14,Marattiaceae,Marattiaceae
997,apg_v14,Marcgraviaceae,Marcgraviaceae
998,apg_v14,Marsileaceae,Marsileaceae
999,apg_v14,Martyniaceae,Martyniaceae
1000,apg_v14,Mastixiaceae,Nyssaceae
1001,apg_v14,Matoniaceae,Matoniaceae
1002,apg_v14,Matricariaceae,Asteraceae
1003,apg_v14,Maundiaceae,Maundiaceae
1004,apg_v14,Mayacaceae,Mayacaceae
1005,apg_v14,Mazaceae,Mazaceae
1006,apg_v14,Medeolaceae,Liliaceae
1007,apg_v14,Medusagynaceae,Ochnaceae
1008,apg_v14,Medusandraceae,Peridiscaceae
1009,apg_v14,Melaleucaceae,Myrtaceae
1010,apg_v14,Melampyraceae,Orobanchaceae
1011,apg_v14,Melanophyllaceae,Torricelliaceae
1012,apg_v14,Melanthiaceae,Melanthiaceae
1013,apg_v14,Melastomataceae,Melastomataceae
1014,apg_v14,Meliaceae,Meliaceae
1015,apg_v14,Melianthaceae,Greyiaceae
1016,apg_v14,Melicaceae,Poaceae
1017,apg_v14,Meliosmaceae,Sabiaceae
1018,apg_v14,Melittidaceae,Lamiaceae
1019,apg_v14,Melochiaceae,Malvaceae
1020,apg_v14,Memecylaceae,Melastomataceae
1021,apg_v14,Mendonciaceae,Acanthaceae
1022,apg_v14,Menispermaceae,Menispermaceae
1023,apg_v14,Menthaceae,Lamiaceae
1024,apg_v14,Menyanthaceae,Menyanthaceae
1025,apg_v14,Menzieziaceae,Ericaceae
1026,apg_v14,Mercurialaceae,Euphorbiaceae
1027,apg_v14,Merenderaceae,Colchicaceae
1028,apg_v14,Mesembryaceae,Aizoaceae
1029,apg_v14,Mesembryanthemaceae,Aizoaceae
1030,apg_v14,Mespilaceae,Rosaceae
1031,apg_v14,Metasequioaceae,Cupressaceae
1032,apg_v14,Metaxyaceae,Metaxyaceae
1033,apg_v14,Metteniusaceae,Metteniusaceae
1034,apg_v14,Meyeniaceae,Acanthaceae
1035,apg_v14,Miconiaceae,Melastomataceae
1036,apg_v14,Micrantheaceae,Picrodendraceae
1037,apg_v14,Microbiotaceae,Cupressaceae
1038,apg_v14,Microcachrydaceae,Podocarpaceae
1039,apg_v14,Microcycadaceae,Zamiaceae
1040,apg_v14,Microstrobaceae,Podocarpaceae
1041,apg_v14,Microteaceae,Microteaceae
1042,apg_v14,Miliaceae,Poaceae
1043,apg_v14,Milulaceae,Amaryllidaceae
1044,apg_v14,Mimosaceae,Fabaceae
1045,apg_v14,Minuartiaceae,Caryophyllaceae
1046,apg_v14,Mirabilidaceae,Nyctaginaceae
1047,apg_v14,Misodendraceae,Misodendraceae
1048,apg_v14,Mitrastemonaceae,Mitrastemonaceae
1049,apg_v14,Miyoshiaceae,Petrosaviaceae
1050,apg_v14,Modeccaceae,Passifloraceae
1051,apg_v14,Molluginaceae,Molluginaceae
1052,apg_v14,Monardaceae,Lamiaceae
1053,apg_v14,Monimiaceae,Monimiaceae
1054,apg_v14,Monodoraceae,Annonaceae
1055,apg_v14,Monotaceae,Dipterocarpaceae
1056,apg_v14,Monotropaceae,Ericaceae
1057,apg_v14,Monsteraceae,Araceae
1058,apg_v14,Montiaceae,Montiaceae
1059,apg_v14,Montiniaceae,Montiniaceae
1060,apg_v14,Montsechiaceae,Montsechiaceae
1061,apg_v14,Moraceae,Moraceae
1062,apg_v14,Moreniaceae,Arecaceae
1063,apg_v14,Morinaceae,Caprifoliaceae
1064,apg_v14,Moringaceae,Moringaceae
1065,apg_v14,Mouririaceae,Melastomataceae
1066,apg_v14,Moutabeaceae,Polygalaceae
1067,apg_v14,Muntingiaceae,Muntingiaceae
1068,apg_v14,Musaceae,Musaceae
1069,apg_v14,Mutisiaceae,Asteraceae
1070,apg_v14,Myodocarpaceae,Myodocarpaceae
1071,apg_v14,Myoporaceae,Scrophulariaceae
1072,apg_v14,Myricaceae,Myricaceae
1073,apg_v14,Myriophyllaceae,Haloragaceae
1074,apg_v14,Myristicaceae,Myristicaceae
1075,apg_v14,Myrobalanaceae,Combretaceae
1076,apg_v14,Myrothamnaceae,Myrothamnaceae
1077,apg_v14,Myrrhiniaceae,Myrtaceae
1078,apg_v14,Myrsinaceae,Primulaceae
1079,apg_v14,Myrtaceae,Myrtaceae
1080,apg_v14,Mystropetalaceae,Balanophoraceae
1081,apg_v14,Nageiaceae,Podocarpaceae
1082,apg_v14,Najadaceae,Hydrocharitaceae
1083,apg_v14,Namaceae,Namaceae
1084,apg_v14,Nandinaceae,Berberidaceae
1085,apg_v14,Nanodeaceae,Santalaceae
1086,apg_v14,Napoleonaeaceae,Lecythidaceae
1087,apg_v14,Narcissaceae,Amaryllidaceae
1088,apg_v14,Nardaceae,Poaceae
1089,apg_v14,Nartheciaceae,Nartheciaceae
1090,apg_v14,Nassauviaceae,Asteraceae
1091,apg_v14,Naucleaceae,Rubiaceae
1092,apg_v14,Nectaropetalaceae,Erythroxylaceae
1093,apg_v14,Negripteridaceae,Pteridaceae
1094,apg_v14,Neilliaceae,Rosaceae
1095,apg_v14,Nelsoniaceae,Acanthaceae
1096,apg_v14,Nelumbonaceae,Nelumbonaceae
1097,apg_v14,Nemacladaceae,Campanulaceae
1098,apg_v14,Neocallitropsidaceae,Cupressaceae
1099,apg_v14,Neottiaceae,Orchidaceae
1100,apg_v14,Nepenthaceae,Nepenthaceae
1101,apg_v14,Nepetaceae,Lamiaceae
1102,apg_v14,Nephrolepidaceae,Nephrolepidaceae
1103,apg_v14,Nesogenaceae,Orobanchaceae
1104,apg_v14,Neuradaceae,Neuradaceae
1105,apg_v14,Neuwiediaceae,Orchidaceae
1106,apg_v14,Nhandirobaceae,Cucurbitaceae
1107,apg_v14,Nicotianaceae,Solanaceae
1108,apg_v14,Nigellaceae,Ranunculaceae
1109,apg_v14,Nitrariaceae,Nitrariaceae
1110,apg_v14,Nolanaceae,Solanaceae
1111,apg_v14,Nolinaceae,Asparagaceae
1112,apg_v14,Nonateliaceae,Rubiaceae
1113,apg_v14,Nopaleaceae,Cactaceae
1114,apg_v14,Noranteaceae,Marcgraviaceae
1115,apg_v14,Nothofagaceae,Nothofagaceae
1116,apg_v14,Nupharaceae,Nymphaeaceae
1117,apg_v14,Nuytsiaceae,Loranthaceae
1118,apg_v14,Nyctaginaceae,Nyctaginaceae
1119,apg_v14,Nyctanthaceae,Oleaceae
1120,apg_v14,Nymphaeaceae,Nymphaeaceae
1121,apg_v14,Nypaceae,Arecaceae
1122,apg_v14,Nyssaceae,Nyssaceae
1123,apg_v14,Obolariaceae,Gentianaceae
1124,apg_v14,Ochnaceae,Ochnaceae
1125,apg_v14,Ochranthaceae,Staphyleaceae
1126,apg_v14,Octoknemaceae,Octoknemaceae
1127,apg_v14,Oenotheraceae,Onagraceae
1128,apg_v14,Oftiaceae,Scrophulariaceae
1129,apg_v14,Olacaceae,Olacaceae
1130,apg_v14,Oleaceae,Oleaceae
1131,apg_v14,Oleandraceae,Oleandraceae
1132,apg_v14,Oliniaceae,Penaeaceae
1133,apg_v14,Olyraceae,Poaceae
1134,apg_v14,Onagraceae,Onagraceae
1135,apg_v14,Oncothecaceae,Oncothecaceae
1136,apg_v14,Onocleaceae,Onocleaceae
1137,apg_v14,Onosmaceae,Boraginaceae
1138,apg_v14,Operculariaceae,Rubiaceae
1139,apg_v14,Ophioglossaceae,Ophioglossaceae
1140,apg_v14,Ophiopogonaceae,Asparagaceae
1141,apg_v14,Ophioxylaceae,Apocynaceae
1142,apg_v14,Ophiraceae,Grubbiaceae
1143,apg_v14,Ophiuraceae,Poaceae
1144,apg_v14,Ophrydaceae,Orchidaceae
1145,apg_v14,Opiliaceae,Opiliaceae
1146,apg_v14,Oporanthaceae,Amaryllidaceae
1147,apg_v14,Opuntiaceae,Cactaceae
1148,apg_v14,Orchidaceae,Orchidaceae
1149,apg_v14,Ornithogalaceae,Asparagaceae
1150,apg_v14,Ornithrophaceae,Cunoniaceae
1151,apg_v14,Orobanchaceae,Orobanchaceae
1152,apg_v14,Orontiaceae,Araceae
1153,apg_v14,Ortegaceae,Caryophyllaceae
1154,apg_v14,Oryzaceae,Poaceae
1155,apg_v14,Osyridaceae,Santalaceae
1156,apg_v14,Oxalidaceae,Oxalidaceae
1157,apg_v14,Oxycladaceae,Plantaginaceae
1158,apg_v14,Oxycoccaceae,Ericaceae
1159,apg_v14,Oxystylidaceae,Cleomaceae
1160,apg_v14,Pachysandraceae,Buxaceae
1161,apg_v14,Pacouriaceae,Apocynaceae
1162,apg_v14,Paeoniaceae,Paeoniaceae
1163,apg_v14,Pagamaeaceae,Rubiaceae
1164,apg_v14,Paivaeusaceae,Picrodendraceae
1165,apg_v14,Palmae,Palmae
1166,apg_v14,Pancratiaceae,Amaryllidaceae
1167,apg_v14,Pandaceae,Pandaceae
1168,apg_v14,Pandanaceae,Pandanaceae
1169,apg_v14,Pangiaceae,Achariaceae
1170,apg_v14,Panicaceae,Poaceae
1171,apg_v14,Papaveraceae,Papaveraceae
1172,apg_v14,Papayaceae,Caricaceae
1173,apg_v14,Papilionaceae,Fabaceae
1174,apg_v14,Pappophoraceae,Poaceae
1175,apg_v14,Papyraceae,Cyperaceae
1176,apg_v14,Paracryphiaceae,Paracryphiaceae
1177,apg_v14,Parasitaxaceae,Podocarpaceae
1178,apg_v14,Parianaceae,Poaceae
1179,apg_v14,Paridaceae,Melanthiaceae
1180,apg_v14,Parkeriaceae,Pteridaceae
1181,apg_v14,Parnassiaceae,Celastraceae
1182,apg_v14,Paronychiaceae,Caryophyllaceae
1183,apg_v14,Paropsiaceae,Passifloraceae
1184,apg_v14,Parrotiaceae,Hamamelidaceae
1185,apg_v14,Partheniaceae,Asteraceae
1186,apg_v14,Paspalaceae,Poaceae
1187,apg_v14,Passifloraceae,Passifloraceae
1188,apg_v14,Pastinacaceae,Apiaceae
1189,apg_v14,Paulliniaceae,Sapindaceae
1190,apg_v14,Paulowniaceae,Paulowniaceae
1191,apg_v14,Paviaceae,Sapindaceae
1192,apg_v14,Pectiantiaceae,Saxifragaceae
1193,apg_v14,Pedaliaceae,Pedaliaceae
1194,apg_v14,Pedicularidaceae,Orobanchaceae
1195,apg_v14,Peganaceae,Nitrariaceae
1196,apg_v14,Peliosanthaceae,Asparagaceae
1197,apg_v14,Pellicieraceae,Tetrameristaceae
1198,apg_v14,Peltantheraceae,Peltantheraceae
1199,apg_v14,Penaeaceae,Penaeaceae
1200,apg_v14,Pennantiaceae,Pennantiaceae
1201,apg_v14,Pentadiplandraceae,Pentadiplandraceae
1202,apg_v14,Pentapetaceae,Malvaceae
1203,apg_v14,Pentaphragmataceae,Pentaphragmataceae
1204,apg_v14,Pentaphylacaceae,Pentaphylacaceae
1205,apg_v14,Pentastemonaceae,Stemonaceae
1206,apg_v14,Penthoraceae,Penthoraceae
1207,apg_v14,Peperomiaceae,Piperaceae
1208,apg_v14,Peraceae,Peraceae
1209,apg_v14,Peranemataceae,Dryopteridaceae
1210,apg_v14,Perdiciaceae,Asteraceae
1211,apg_v14,Peridiscaceae,Peridiscaceae
1212,apg_v14,Periplocaceae,Apocynaceae
1213,apg_v14,Peripterygiaceae,Cardiopteridaceae
1214,apg_v14,Perseaceae,Lauraceae
1215,apg_v14,Persicariaceae,Polygonaceae
1216,apg_v14,Petenaeaceae,Petenaeaceae
1217,apg_v14,Petermanniaceae,Petermanniaceae
1218,apg_v14,Petiveriaceae,Petiveriaceae
1219,apg_v14,Petreaceae,Verbenaceae
1220,apg_v14,Petrosaviaceae,Petrosaviaceae
1221,apg_v14,Phalaridaceae,Poaceae
1222,apg_v14,Phaleriaceae,Thymelaeaceae
1223,apg_v14,Pharaceae,Poaceae
1224,apg_v14,Pharnaceaceae,Molluginaceae
1225,apg_v14,Phaseolaceae,Fabaceae
1226,apg_v14,Phellinaceae,Phellinaceae
1227,apg_v14,Phelypaeaceae,Orobanchaceae
1228,apg_v14,Pherosphaeraceae,Podocarpaceae
1229,apg_v14,Philadelphaceae,Hydrangeaceae
1230,apg_v14,Philesiaceae,Philesiaceae
1231,apg_v14,Philippodendraceae,Malvaceae
1232,apg_v14,Philocrenaceae,Podostemaceae
1233,apg_v14,Philodendraceae,Araceae
1234,apg_v14,Philydraceae,Philydraceae
1235,apg_v14,Phleaceae,Poaceae
1236,apg_v14,Phoenicaceae,Arecaceae
1237,apg_v14,Phoradendraceae,Santalaceae
1238,apg_v14,Phormiaceae,Asphodelaceae
1239,apg_v14,Phrymaceae,Phrymaceae
1240,apg_v14,Phylicaceae,Rhamnaceae
1241,apg_v14,Phyllanthaceae,Phyllanthaceae
1242,apg_v14,Phyllocladaceae,Podocarpaceae
1243,apg_v14,Phyllonomaceae,Phyllonomaceae
1244,apg_v14,Physenaceae,Physenaceae
1245,apg_v14,Phytelephaceae,Arecaceae
1246,apg_v14,Phytocrenaceae,Icacinaceae
1247,apg_v14,Phytolaccaceae,Phytolaccaceae
1248,apg_v14,Piceaceae,Pinaceae
1249,apg_v14,Picramniaceae,Picramniaceae
1250,apg_v14,Picridaceae,Asteraceae
1251,apg_v14,Picrodendraceae,Picrodendraceae
1252,apg_v14,Pilgerodendraceae,Cupressaceae
1253,apg_v14,Pilocarpaceae,Rutaceae
1254,apg_v14,Pilulariaceae,Marsileaceae
1255,apg_v14,Pimpinellaceae,Apiaceae
1256,apg_v14,Pinaceae,Pinaceae
1257,apg_v14,Pinguiculaceae,Lentibulariaceae
1258,apg_v14,Piperaceae,Piperaceae
1259,apg_v14,Piriquetaceae,Passifloraceae
1260,apg_v14,Pisoniaceae,Nyctaginaceae
1261,apg_v14,Pistaciaceae,Anacardiaceae
1262,apg_v14,Pistiaceae,Araceae
1263,apg_v14,Pittosporaceae,Pittosporaceae
1264,apg_v14,Plagianthaceae,Malvaceae
1265,apg_v14,Plagiogyraceae,Plagiogyraceae
1266,apg_v14,Plagiopteraceae,Celastraceae
1267,apg_v14,Plantaginaceae,Plantaginaceae
1268,apg_v14,Platanaceae,Platanaceae
1269,apg_v14,Platycaryaceae,Juglandaceae
1270,apg_v14,Platyceriaceae,Polypodiaceae
1271,apg_v14,Platycladaceae,Cupressaceae
1272,apg_v14,Platyspermataceae,Alseuosmiaceae
1273,apg_v14,Platystemonaceae,Papaveraceae
1274,apg_v14,Platyzomataceae,Pteridaceae
1275,apg_v14,Plectroniaceae,Penaeaceae
1276,apg_v14,Pleurisanthaceae,Icacinaceae
1277,apg_v14,Pleurisoriopsidaceae,Polypodiaceae
1278,apg_v14,Plocospermataceae,Plocospermataceae
1279,apg_v14,Plumbaginaceae,Plumbaginaceae
1280,apg_v14,Plumeriaceae,Apocynaceae
1281,apg_v14,Poaceae,Poaceae
1282,apg_v14,Podoaceae,Anacardiaceae
1283,apg_v14,Podocarpaceae,Podocarpaceae
1284,apg_v14,Podophyllaceae,Berberidaceae
1285,apg_v14,Podostemaceae,Podostemaceae
1286,apg_v14,Polemoniaceae,Polemoniaceae
1287,apg_v14,Poliothyrsidaceae,Salicaceae
1288,apg_v14,Polpodaceae,Molluginaceae
1289,apg_v14,Polycarpaeaceae,Caryophyllaceae
1290,apg_v14,Polycnemaceae,Amaranthaceae
1291,apg_v14,Polygalaceae,Polygalaceae
1292,apg_v14,Polygonaceae,Polygonaceae
1293,apg_v14,Polygonanthaceae,Anisophylleaceae
1294,apg_v14,Polygonataceae,Asparagaceae
1295,apg_v14,Polyosmaceae,Escalloniaceae
1296,apg_v14,Polypodiaceae,Polypodiaceae
1297,apg_v14,Polypremaceae,Tetrachondraceae
1298,apg_v14,Pontederiaceae,Pontederiaceae
1299,apg_v14,Poranaceae,Convolvulaceae
1300,apg_v14,Porantheraceae,Phyllanthaceae
1301,apg_v14,Portulacaceae,Portulacaceae
1302,apg_v14,Portulacariaceae,Didiereaceae
1303,apg_v14,Posidoniaceae,Posidoniaceae
1304,apg_v14,Potaliaceae,Gentianaceae
1305,apg_v14,Potamogetonaceae,Potamogetonaceae
1306,apg_v14,Potentillaceae,Rosaceae
1307,apg_v14,Poteriaceae,Rosaceae
1308,apg_v14,Pothaceae,Araceae
1309,apg_v14,Pottingeriaceae,Celastraceae
1310,apg_v14,Primulaceae,Primulaceae
1311,apg_v14,Prioniaceae,Thurniaceae
1312,apg_v14,Prionotaceae,Ericaceae
1313,apg_v14,Prockiaceae,Salicaceae
1314,apg_v14,Proteaceae,Proteaceae
1315,apg_v14,Prumnopityaceae,Podocarpaceae
1316,apg_v14,Prunaceae,Rosaceae
1317,apg_v14,Pseliaceae,Menispermaceae
1318,apg_v14,Pseudanthaceae,Picrodendraceae
1319,apg_v14,Pseudophoenicaceae,Arecaceae
1320,apg_v14,Psilotaceae,Psilotaceae
1321,apg_v14,Psiloxylaceae,Myrtaceae
1322,apg_v14,Psittacanthaceae,Loranthaceae
1323,apg_v14,Psychotriaceae,Rubiaceae
1324,apg_v14,Psylliaceae,Plantaginaceae
1325,apg_v14,Ptaeroxylaceae,Rutaceae
1326,apg_v14,Pteleaceae,Rutaceae
1327,apg_v14,Pteleocarpaceae,?Gelsemiaceae
1328,apg_v14,Pteridaceae,Pteridaceae
1329,apg_v14,Pteridiaceae,Dennstaedtiaceae
1330,apg_v14,Pteridophyllaceae,Papaveraceae
1331,apg_v14,Pterisanthaceae,Vitaceae
1332,apg_v14,Pterostemonaceae,Iteaceae
1333,apg_v14,Punicaceae,Lythraceae
1334,apg_v14,Putranjivaceae,Putranjivaceae
1335,apg_v14,Pycnanthaceae,Orchidaceae
1336,apg_v14,Pyraceae,Rosaceae
1337,apg_v14,Pyrolaceae,Pyroloideae
1338,apg_v14,Quassiaceae,Simaroubaceae
1339,apg_v14,Quercaceae,Fagaceae
1340,apg_v14,Quiinaceae,Ochnaceae
1341,apg_v14,Quillajaceae,Quillajaceae
1342,apg_v14,Quintiniaceae,Paracryphiaceae
1343,apg_v14,Rafflesiaceae,Rafflesiaceae
1344,apg_v14,Ramondaceae,Gesneriaceae
1345,apg_v14,Randiaceae,Rubiaceae
1346,apg_v14,Ranunculaceae,Ranunculaceae
1347,apg_v14,Ranzaniaceae,Berberidaceae
1348,apg_v14,Rapateaceae,Rapateaceae
1349,apg_v14,Raphanaceae,Brassicaceae
1350,apg_v14,Reaumuriaceae,Tamaricaceae
1351,apg_v14,Rehmanniaceae,Orobanchaceae
1352,apg_v14,Resedaceae,Resedaceae
1353,apg_v14,Restionaceae,Restionaceae
1354,apg_v14,Retziaceae,Stilbaceae
1355,apg_v14,Rhabdodendraceae,Rhabdodendraceae
1356,apg_v14,Rhachidosoraceae,Rhachidosoraceae
1357,apg_v14,Rhamnaceae,Rhamnaceae
1358,apg_v14,Rhaptopetalaceae,Lecythidaceae
1359,apg_v14,Rhexiaceae,Melastomataceae
1360,apg_v14,Rhinanthaceae,Orobanchaceae
1361,apg_v14,Rhipogonaceae,Rhipogonaceae
1362,apg_v14,Rhizophoraceae,Rhizophoraceae
1363,apg_v14,Rhoaceae,Anacardiaceae
1364,apg_v14,Rhodiolaceae,Crassulaceae
1365,apg_v14,Rhododendraceae,Ericaceae
1366,apg_v14,Rhodolaenaceae,Sarcolaenaceae
1367,apg_v14,Rhodoleiaceae,Hamamelidaceae
1368,apg_v14,Rhodoraceae,Ericaceae
1369,apg_v14,Rhodotypaceae,Rosaceae
1370,apg_v14,Rhoipteleaceae,Juglandaceae
1371,apg_v14,Rhopalocarpaceae,Sphaerosepalaceae
1372,apg_v14,Rhynchocalycaceae,Penaeaceae
1373,apg_v14,Rhynchothecaceae,Francoaceae
1374,apg_v14,Ribesiaceae,Grossulariaceae
1375,apg_v14,Ricinaceae,Euphorbiaceae
1376,apg_v14,Ricinocarpaceae,Euphorbiaceae
1377,apg_v14,Rivinaceae,Petiveriaceae
1378,apg_v14,Roridulaceae,Roridulaceae
1379,apg_v14,Rosaceae,Rosaceae
1380,apg_v14,Rousseaceae,Rousseaceae
1381,apg_v14,Roxburghiaceae,Stemonaceae
1382,apg_v14,Rubiaceae,Rubiaceae
1383,apg_v14,Rumicaceae,Polygonaceae
1384,apg_v14,Ruppiaceae,Ruppiaceae
1385,apg_v14,Ruscaceae,Asparagaceae
1386,apg_v14,Rutaceae,Rutaceae
1387,apg_v14,Sabalaceae,Arecaceae
1388,apg_v14,Sabiaceae,Sabiaceae
1389,apg_v14,Sabiceaceae,Rubiaceae
1390,apg_v14,Sabulinaceae,Caryophyllaceae
1391,apg_v14,Saccharaceae,Poaceae
1392,apg_v14,Saccifoliaceae,Gentianaceae
1393,apg_v14,Saccolomataceae,Saccolomataceae
1394,apg_v14,Sagaceae,Arecaceae
1395,apg_v14,Saginaceae,Caryophyllaceae
1396,apg_v14,Sagoneaceae,Hydroleaceae
1397,apg_v14,Salaciaceae,Celastraceae
1398,apg_v14,Salaxidaceae,Ericaceae
1399,apg_v14,Salazariaceae,Lamiaceae
1400,apg_v14,Salicaceae,Salicaceae
1401,apg_v14,Salicorniaceae,Amaranthaceae
1402,apg_v14,Salpiglossidaceae,Solanaceae
1403,apg_v14,Salsolaceae,Amaranthaceae
1404,apg_v14,Salvadoraceae,Salvadoraceae
1405,apg_v14,Salviaceae,Lamiaceae
1406,apg_v14,Salviniaceae,Salviniaceae
1407,apg_v14,Sambucaceae,Viburnaceae
1408,apg_v14,Samolaceae,Primulaceae
1409,apg_v14,Samydaceae,Salicaceae
1410,apg_v14,Sanguisorbaceae,Rosaceae
1411,apg_v14,Saniculaceae,Apiaceae
1412,apg_v14,Sansevieriaceae,Asparagaceae
1413,apg_v14,Santalaceae,Santalaceae
1414,apg_v14,Santolinaceae,Asteraceae
1415,apg_v14,Sapindaceae,Sapindaceae
1416,apg_v14,Sapotaceae,Sapotaceae
1417,apg_v14,Sarbaicarpaceae,Sarbaicarpaceae
1418,apg_v14,Sarcobataceae,Sarcobataceae
1419,apg_v14,Sarcocaceae,Phytolaccaceae
1420,apg_v14,Sarcolaenaceae,Sarcolaenaceae
1421,apg_v14,Sarcophytaceae,Balanophoraceae
1422,apg_v14,Sarcospermataceae,Sapotaceae
1423,apg_v14,Sarcostigmataceae,Icacinaceae
1424,apg_v14,Sargentodoxaceae,Lardizabalaceae
1425,apg_v14,Sarraceniaceae,Sarraceniaceae
1426,apg_v14,Saturejaceae,Lamiaceae
1427,apg_v14,Saurauiaceae,Actinidiaceae
1428,apg_v14,Saururaceae,Saururaceae
1429,apg_v14,Sauvagesiaceae,Ochnaceae
1430,apg_v14,Saxegothaeaceae,Podocarpaceae
1431,apg_v14,Saxifragaceae,Saxifragaceae
1432,apg_v14,Scabiosaceae,Caprifoliaceae
1433,apg_v14,Scaevolaceae,Goodeniaceae
1434,apg_v14,Scandicaceae,Apiaceae
1435,apg_v14,Scepaceae,Phyllanthaceae
1436,apg_v14,Scheuchzeriaceae,Scheuchzeriaceae
1437,apg_v14,Schinaceae,Anacardiaceae
1438,apg_v14,Schisandraceae,Schisandraceae
1439,apg_v14,Schizaeaceae,Schizaeaceae
1440,apg_v14,Schizolaenaceae,Sarcolaenaceae
1441,apg_v14,Schizopetalaceae,Brassicaceae
1442,apg_v14,Schlegeliaceae,Schlegeliaceae
1443,apg_v14,Schoepfiaceae,Schoepfiaceae
1444,apg_v14,Schreberaceae,Oleaceae
1445,apg_v14,Sciadopityaceae,Sciadopityaceae
1446,apg_v14,Scillaceae,Asparagaceae
1447,apg_v14,Scirpaceae,Cyperaceae
1448,apg_v14,Scleranthaceae,Caryophyllaceae
1449,apg_v14,Scleriaceae,Cyperaceae
1450,apg_v14,Sclerophylacaceae,Solanaceae
1451,apg_v14,Scoliopaceae,Streptopoideae
1452,apg_v14,Scopariaceae,Plantaginaceae
1453,apg_v14,Scorodocarpaceae,Strombosiaceae
1454,apg_v14,Scrophulariaceae,Scrophulariaceae
1455,apg_v14,Scutellariaceae,Lamiaceae
1456,apg_v14,Scybaliaceae,Balanophoraceae
1457,apg_v14,Scyphostegiaceae,Salicaceae
1458,apg_v14,Scytopetalaceae,Lecythidaceae
1459,apg_v14,Sebestenaceae,Cordiaceae
1460,apg_v14,Sedaceae,Crassulaceae
1461,apg_v14,Seguieriaceae,Petiveriaceae
1462,apg_v14,Selaginaceae,Scrophulariaceae
1463,apg_v14,Selaginellaceae,Selaginellaceae
1464,apg_v14,Selinaceae,Apiaceae
1465,apg_v14,Sempervivaceae,Crassulaceae
1466,apg_v14,Senecionaceae,Asteraceae
1467,apg_v14,Sequoiaceae,Cupressaceae
1468,apg_v14,Serratulaceae,Asteraceae
1469,apg_v14,Sesamaceae,Pedaliaceae
1470,apg_v14,Sesleriaceae,Poaceae
1471,apg_v14,Sesuviaceae,Aizoaceae
1472,apg_v14,Setchellanthaceae,Setchellanthaceae
1473,apg_v14,Sheadendraceae,Combretaceae
1474,apg_v14,Sibthorpiaceae,Plantaginaceae
1475,apg_v14,Sidaceae,Malvaceae
1476,apg_v14,Silenaceae,Caryophyllaceae
1477,apg_v14,Sileraceae,Apiaceae
1478,apg_v14,Simabaceae,Simaroubaceae
1479,apg_v14,Simaroubaceae,Simaroubaceae
1480,apg_v14,Simmondsiaceae,Simmondsiaceae
1481,apg_v14,Sinofranchetiaceae,Lardizabalaceae
1482,apg_v14,Sinopteridaceae,Pteridaceae
1483,apg_v14,Siparunaceae,Siparunaceae
1484,apg_v14,Siphonanthaceae,Lamiaceae
1485,apg_v14,Siphonodontaceae,Celastraceae
1486,apg_v14,Sisymbriaceae,Brassicaceae
1487,apg_v14,Sladeniaceae,Sladeniaceae
1488,apg_v14,Smeathmanniaceae,Passifloraceae
1489,apg_v14,Smilacaceae,Smilacaceae
1490,apg_v14,Smyrniaceae,Apiaceae
1491,apg_v14,Solanaceae,Solanaceae
1492,apg_v14,Sonneratiaceae,Lythraceae
1493,apg_v14,Soramiaceae,Dilleniaceae
1494,apg_v14,Sorbaceae,Rosaceae
1495,apg_v14,Soulameaceae,Simaroubaceae
1496,apg_v14,Soyauxiaceae,Peridiscaceae
1497,apg_v14,Sparganiaceae,Typhaceae
1498,apg_v14,Sparmanniaceae,Malvaceae
1499,apg_v14,Spartinaceae,Poaceae
1500,apg_v14,Spatheliaceae,Rutaceae
1501,apg_v14,Spergulaceae,Caryophyllaceae
1502,apg_v14,Spermacoceaceae,Rubiaceae
1503,apg_v14,Sphaerosepalaceae,Sphaerosepalaceae
1504,apg_v14,Sphenocleaceae,Sphenocleaceae
1505,apg_v14,Sphenostemonaceae,Paracryphiaceae
1506,apg_v14,Spigeliaceae,Loganiaceae
1507,apg_v14,Spinaciaceae,Amaranthaceae
1508,apg_v14,Spiraeaceae,Rosaceae
1509,apg_v14,Spiraeanthemaceae,Cunoniaceae
1510,apg_v14,Spondiadaceae,Anacardiaceae
1511,apg_v14,Sporobolaceae,Poaceae
1512,apg_v14,Stachydaceae,Lamiaceae
1513,apg_v14,Stachyuraceae,Stachyuraceae
1514,apg_v14,Stackhousiaceae,Celastraceae
1515,apg_v14,Stangeriaceae,Zamiaceae
1516,apg_v14,Stanleyaceae,Brassicaceae
1517,apg_v14,Stapeliaceae,Apocynaceae
1518,apg_v14,Staphyleaceae,Staphyleaceae
1519,apg_v14,Staticaceae,Plumbaginaceae
1520,apg_v14,Stegnospermataceae,Stegnospermataceae
1521,apg_v14,Stellariaceae,Caryophyllaceae
1522,apg_v14,Stemonaceae,Stemonaceae
1523,apg_v14,Stemonuraceae,Stemonuraceae
1524,apg_v14,Stenomeridaceae,Dioscoreaceae
1525,apg_v14,Sterculiaceae,Malvaceae
1526,apg_v14,Stilaginaceae,Phyllanthaceae
1527,apg_v14,Stilbaceae,Stilbaceae
1528,apg_v14,Stipaceae,Poaceae
1529,apg_v14,Stixidaceae,Resedaceae
1530,apg_v14,Strasburgeriaceae,Strasburgeriaceae
1531,apg_v14,Stratiotaceae,Hydrocharitaceae
1532,apg_v14,Strelitziaceae,Strelitziaceae
1533,apg_v14,Streptochaetaceae,Poaceae
1534,apg_v14,Stromatopteridaceae,Gleicheniaceae
1535,apg_v14,Strombosiaceae,Strombosiaceae
1536,apg_v14,Strumariaceae,Amaryllidaceae
1537,apg_v14,Strychnaceae,Loganiaceae
1538,apg_v14,Stylidiaceae,Stylidiaceae
1539,apg_v14,Stylobasiaceae,Surianaceae
1540,apg_v14,Stylocerataceae,Buxaceae
1541,apg_v14,Stypheliaceae,Ericaceae
1542,apg_v14,Styracaceae,Styracaceae
1543,apg_v14,Surianaceae,Surianaceae
1544,apg_v14,Swartziaceae,Fabaceae
1545,apg_v14,Swieteniaceae,Meliaceae
1546,apg_v14,Symphoremataceae,Lamiaceae
1547,apg_v14,Symplocaceae,Symplocaceae
1548,apg_v14,Synechanthaceae,Arecaceae
1549,apg_v14,Syringaceae,Oleaceae
1550,apg_v14,Taccaceae,Taccaceae
1551,apg_v14,Taenitidaceae,Pteridaceae
1552,apg_v14,Taiwaniaceae,Cupressaceae
1553,apg_v14,Taktajaniaceae,Winteraceae
1554,apg_v14,Talinaceae,Talinaceae
1555,apg_v14,Tamaceae,Dioscoreaceae
1556,apg_v14,Tamaricaceae,Tamaricaceae
1557,apg_v14,Tamarindaceae,Fabaceae
1558,apg_v14,Tamnaceae,Dioscoreaceae
1559,apg_v14,Tanacetaceae,Asteraceae
1560,apg_v14,Tapisciaceae,Tapisciaceae
1561,apg_v14,Taxaceae,Taxaceae
1562,apg_v14,Taxodiaceae,Cupressaceae
1563,apg_v14,Tecophilaeaceae,Tecophilaeaceae
1564,apg_v14,Tectariaceae,Tectariaceae
1565,apg_v14,Telephiaceae,Caryophyllaceae
1566,apg_v14,Tepuianthaceae,Thymelaeaceae
1567,apg_v14,Terminaliaceae,Combretaceae
1568,apg_v14,Ternstroemiaceae,Pentaphylacaceae
1569,apg_v14,Tetracarpaeaceae,Tetracarpaeaceae
1570,apg_v14,Tetracentraceae,Trochodendraceae
1571,apg_v14,Tetrachondraceae,Tetrachondraceae
1572,apg_v14,Tetraclinaceae,Cupressaceae
1573,apg_v14,Tetradiclidaceae,Nitrariaceae
1574,apg_v14,Tetragoniaceae,Aizoaceae
1575,apg_v14,Tetramelaceae,Tetramelaceae
1576,apg_v14,Tetrameristaceae,Tetrameristaceae
1577,apg_v14,Tetrastylidiaceae,Strombosiaceae
1578,apg_v14,Tetrathecaceae,Elaeocarpaceae
1579,apg_v14,Thalassiaceae,Hydrocharitaceae
1580,apg_v14,Thalictraceae,Ranunculaceae
1581,apg_v14,Theaceae,Theaceae
1582,apg_v14,Theligonaceae,Rubiaceae
1583,apg_v14,Thelypteridaceae,Thelypteridaceae
1584,apg_v14,Themidaceae,Asparagaceae
1585,apg_v14,Theobromataceae,Malvaceae
1586,apg_v14,Theophrastaceae,Primulaceae
1587,apg_v14,Thesiaceae,Santalaceae
1588,apg_v14,Thismiaceae,Thismiaceae
1589,apg_v14,Thlaspiaceae,Brassicaceae
1590,apg_v14,Thoaceae,Gnetaceae
1591,apg_v14,Thomandersiaceae,Thomandersiaceae
1592,apg_v14,Thujaceae,Cupressaceae
1593,apg_v14,Thujopsidaceae,Cupressaceae
1594,apg_v14,Thunbergiaceae,Acanthaceae
1595,apg_v14,Thurniaceae,Thurniaceae
1596,apg_v14,Thymelaeaceae,Thymelaeaceae
1597,apg_v14,Thyrsopteridaceae,Thyrsopteridaceae
1598,apg_v14,Ticodendraceae,Ticodendraceae
1599,apg_v14,Tiliaceae,Malvaceae
1600,apg_v14,Tillaeaceae,Crassulaceae
1601,apg_v14,Tillandsiaceae,Bromeliaceae
1602,apg_v14,Tinaceae,Viburnaceae
1603,apg_v14,Tithymalaceae,Euphorbiaceae
1604,apg_v14,Tmesipteridaceae,Psilotaceae
1605,apg_v14,Tofieldiaceae,Tofieldiaceae
1606,apg_v14,Tormentillaceae,Rosaceae
1607,apg_v14,Torreyaceae,Taxaceae
1608,apg_v14,Torricelliaceae,Torricelliaceae
1609,apg_v14,Tovariaceae,Tovariaceae
1610,apg_v14,Tradescantiaceae,Commelinaceae
1611,apg_v14,Tragiaceae,Euphorbiaceae
1612,apg_v14,Trapaceae,Lythraceae
1613,apg_v14,Trapellaceae,Plantaginaceae
1614,apg_v14,Tremandraceae,Elaeocarpaceae
1615,apg_v14,Trewiaceae,Euphorbiaceae
1616,apg_v14,Tribelaceae,Escalloniaceae
1617,apg_v14,Tribulaceae,Zygophyllaceae
1618,apg_v14,Trichomanaceae,Hymenophyllaceae
1619,apg_v14,Trichopodaceae,Dioscoreaceae
1620,apg_v14,Tricyrtidaceae,Calochortoideae
1621,apg_v14,Trifoliaceae,Fabaceae
1622,apg_v14,Triglochinaceae,Juncaginaceae
1623,apg_v14,Trigoniaceae,Trigoniaceae
1624,apg_v14,Trilliaceae,Melanthiaceae
1625,apg_v14,Trimeniaceae,Trimeniaceae
1626,apg_v14,Triplobaceae,Malvaceae
1627,apg_v14,Triplochitonaceae,Malvaceae
1628,apg_v14,Triplostegiaceae,Caprifoliaceae
1629,apg_v14,Tristichaceae,Podostemaceae
1630,apg_v14,Triticaceae,Poaceae
1631,apg_v14,Triuridaceae,Triuridaceae
1632,apg_v14,Trochodendraceae,Trochodendraceae
1633,apg_v14,Tropaeolaceae,Tropaeolaceae
1634,apg_v14,Tulbaghiaceae,Amaryllidaceae
1635,apg_v14,Tulipaceae,Liliaceae
1636,apg_v14,Tumboaceae,Welwitschiaceae
1637,apg_v14,Tupistraceae,Asparagaceae
1638,apg_v14,Turneraceae,Passifloraceae
1639,apg_v14,Tussilagaceae,Asteraceae
1640,apg_v14,Typhaceae,Typhaceae
1641,apg_v14,Uapacaceae,Phyllanthaceae
1642,apg_v14,Ullucaceae,Basellaceae
1643,apg_v14,Ulmaceae,Ulmaceae
1644,apg_v14,Ulmariaceae,Rosaceae
1645,apg_v14,Umbelliferae,Apiaceae
1646,apg_v14,Unisemataceae,Pontederiaceae
1647,apg_v14,Urticaceae,Urticaceae
1648,apg_v14,Utriculariaceae,Lentibulariaceae
1649,apg_v14,Uvulariaceae,Colchicaceae
1650,apg_v14,Vacciniaceae,Ericaceae
1651,apg_v14,Vahliaceae,Vahliaceae
1652,apg_v14,Valerianaceae,Caprifoliaceae
1653,apg_v14,Vallisneriaceae,Hydrocharitaceae
1654,apg_v14,Vanillaceae,Orchidaceae
1655,apg_v14,Velloziaceae,Velloziaceae
1656,apg_v14,Veratraceae,Melanthiaceae
1657,apg_v14,Verbascaceae,Scrophulariaceae
1658,apg_v14,Verbenaceae,Verbenaceae
1659,apg_v14,Vernicaceae,Anacardiaceae
1660,apg_v14,Vernoniaceae,Asteraceae
1661,apg_v14,Veronicaceae,Plantaginaceae
1662,apg_v14,Viburnaceae,Viburnaceae
1663,apg_v14,Viciaceae,Fabaceae
1664,apg_v14,Vincaceae,Apocynaceae
1665,apg_v14,Violaceae,Violaceae
1666,apg_v14,Viscaceae,Santalaceae
1667,apg_v14,Vitaceae,Vitaceae
1668,apg_v14,Viticaceae,Lamiaceae
1669,apg_v14,Vittariaceae,Pteridaceae
1670,apg_v14,Vivianiaceae,Francoaceae
1671,apg_v14,Vochysiaceae,Vochysiaceae
1672,apg_v14,Wachendorfiaceae,Haemodoraceae
1673,apg_v14,Walleriaceae,Tecophilaeaceae
1674,apg_v14,Wellingtoniaceae,Sabiaceae
1675,apg_v14,Wellstediaceae,Wellstediaceae
1676,apg_v14,Welwitschiaceae,Welwitschiaceae
1677,apg_v14,Widdringtoniaceae,Cupressaceae
1678,apg_v14,Wightiaceae,Wightiaceae
1679,apg_v14,Willughbieaceae,Apocynaceae
1680,apg_v14,Winteraceae,Winteraceae
1681,apg_v14,Winteranaceae,Canellaceae
1682,apg_v14,Wolffiaceae,Araceae
1683,apg_v14,Woodsiaceae,Woodsiaceae
1684,apg_v14,Xanthiaceae,Asteraceae
1685,apg_v14,Xanthoceratceae,Sapindaceae
1686,apg_v14,Xanthophyllaceae,Polygalaceae
1687,apg_v14,Xanthorrhoeaceae,Asphodelaceae
1688,apg_v14,Xeranthemaceae,Asteraceae
1689,apg_v14,Xeronemataceae,Xeronemataceae
1690,apg_v14,Xerophyllaceae,Melanthiaceae
1691,apg_v14,Ximeniaceae,Ximeniaceae
1692,apg_v14,Xiphidiaceae,Haemodoraceae
1693,apg_v14,Xyridaceae,Xyridaceae
1694,apg_v14,Yuccaceae,Asparagaceae
1695,apg_v14,Zamiaceae,Zamiaceae
1696,apg_v14,Zannichelliaceae,Potamogetonaceae
1697,apg_v14,Zanoniaceae,Cucurbitaceae
1698,apg_v14,Zanthoxylaceae,Rutaceae
1699,apg_v14,Zeaceae,Poaceae
1700,apg_v14,Zephyranthaceae,Amaryllidaceae
1701,apg_v14,Zingiberaceae,Zingiberaceae
1702,apg_v14,Ziziphaceae,Rhamnaceae
1703,apg_v14,Zosteraceae,Zosteraceae
1704,apg_v14,Zoysiaceae,Poaceae
1705,apg_v14,Zygophyllaceae,Zygophyllaceae
1706,tax_dicitionary,Characeae,Characeae
1707,tax_dicitionary,Corallinaceae,Corallinaceae
1708,tax_dicitionary,Dicrastylidaceae,Lamiaceae
1709,tax_dicitionary,Enteridaceae,Cribrariaceae
1710,tax_dicitionary,Xanthopyllaceae,Polygalaceae
1711,occur_data,Caesalpinioideae,Fabaceae
1712,occur_data,Euphorbiaceae-2.Acalyphoideae,Euphorbiaceae
1713,occur_data,Euphorbiaceae-3.Crotonoideae,Euphorbiaceae
1714,occur_data,Fabaceae-Caesalpinioideae,Fabaceae
1715,occur_data,Fabaceae-Cercidoideae,Fabaceae
1716,occur_data,Fabaceae-Detarioideae,Fabaceae
1717,occur_data,Fabaceae-Dialioideae,Fabaceae
1718,occur_data,Fabaceae-Faboideae,Fabaceae
1719,occur_data,Fabaceae-Mimosoideae,Fabaceae
1720,occur_data,Fabaceae-Papilionoideae,Fabaceae
1721,occur_data,Fabaceae (Mimosoideae),Fabaceae
1722,occur_data,Lamiaceae (Verbenaceae),Lamiaceae
1723,occur_data,Leguminosae-Caes,Fabaceae
1724,occur_data,Leguminosae-Caes.,Fabaceae
1725,occur_data,Leguminosae-Mim,Fabaceae
1726,occur_data,Leguminosae-Mim.,Fabaceae
1727,occur_data,Leguminosae-Mimo,Fabaceae
1728,occur_data,Leguminosae-Pap,Fabaceae
1729,occur_data,Leguminosae-Pap.,Fabaceae
1730,occur_data,Leguminosae - Caesalp.,Fabaceae
1731,occur_data,Leguminosae - Caesalpinio,Fabaceae
1732,occur_data,Leguminosae - Mimosoideae,Fabaceae
1733,occur_data,Leguminosae Subfam. Caesalpinioideae,Fabaceae
1734,occur_data,Leguminosae Subfam. Caesalpinioideae (Mimosoide),Fabaceae
1735,occur_data,Leguminosae Subfam. Cercidoideae,Fabaceae
1736,occur_data,Leguminosae Subfam. Detarioideae,Fabaceae
1737,occur_data,Leguminosae Subfam. Papilionoideae,Fabaceae
1738,occur_data,Malvaceae-2.Byttnerioideae,Malvaceae
1739,occur_data,Malvaceae-9.Bombacoideae,Malvaceae
1740,occur_data,Meliaceae-1.Melioideae,Meliaceae
1741,occur_data,Mimosoideae,Fabaceae
1742,occur_data,Moraceae-2.Moreae,Moraceae
1743,occur_data,Moraceae-4.Dorstenieae,Moraceae
1744,occur_data,Moraceae-6.Castilleae,Moraceae
1745,occur_data,Moraceae (Cecropiaceae),Moraceae
1746,occur_data,Papilionoideae,Fabaceae
1747,occur_data,Pricamniaceae,Picramniaceae
1748,occur_data,Primulaceae-4.Myrsinoideae,Primulaceae
1749,occur_data,Rubiaceaeae,Rubiaceae
1750,occur_data,Rutaceae-2.Amyridoideae,Rutaceae
1751,occur_data,Salicaceae-3.Salicoideae,Salicaceae
1752,occur_data,Sapotaceae-2.Sapotoideae,Sapotaceae
1753,occur_data,Sapotaceae-3.Chrysophylloideae,Sapotaceae
1754,gbif,Abaminaceae,Nartheciaceae
1755,gbif,Achatocarpacceae,Achatocarpaceae
1756,gbif,Achratinitaceae,Corsiaceae
1757,gbif,Actinostrobaceae,Cupressaceae
1758,gbif,Adianaceae,Pteridaceae
1759,gbif,Agathidaceae,Araucariaceae
1760,gbif,Aloeaceae,Xanthorrhoeaceae
1761,gbif,Ampelidopsaceae,Vitaceae
1762,gbif,Aporosaceae,Phyllanthaceae
1763,gbif,Asperifoliaceae,Boraginaceae
1764,gbif,Athrotaxidaceae,Cupressaceae
1765,gbif,Balanophorales,Balanophoraceae
1766,gbif,Batidaceae,Bataceae
1767,gbif,Belvisiaceae,Lecythidaceae
1768,gbif,Bolivariaceae,Oleaceae
1769,gbif,Buettneriaceae,Malvaceae
1770,gbif,Callitraceae,Cupressaceae
1771,gbif,Candolleaceae,Stylidiaceae
1772,gbif,Cannabidaceae,Cannabaceae
1773,gbif,Cannabinaceae,Cannabaceae
1774,gbif,Capparidaceae,Capparaceae
1775,gbif,Capusiaceae,Celastraceae
1776,gbif,Cardamindaceae,Tropaeolaceae
1777,gbif,Carlmanniaceae,Carlemanniaceae
1778,gbif,Caryotaceae,Arecaceae
1779,gbif,Caseariaceae,Salicaceae
1780,gbif,Cassiniaceae,Asteraceae
1781,gbif,Cassuviaceae,Anacardiaceae
1782,gbif,Cenchrinaceae,Poaceae
1783,gbif,Chamaedoreaceae,Arecaceae
1784,gbif,Cinchonaceae,Rubiaceae
1785,gbif,Coccolobaceae,Polygonaceae
1786,gbif,Codiaceae,Cunoniaceae
1787,gbif,Coleanthaceae,Poaceae
1788,gbif,Convolvuloideae,Convolvulaceae
1789,gbif,Coptaceae,Ranunculaceae
1790,gbif,Cryptogrammaceae,Pteridaceae
1791,gbif,Cuspariaceae,Rutaceae
1792,gbif,Cymbanthaceae,Liliaceae
1793,gbif,Dammaraceae,Araucariaceae
1794,gbif,Dichatelaceae,Dichapetalaceae
1795,gbif,Dicranopteridaceae,Gleicheniaceae
1796,gbif,Dicrastylidaceae,Lamiaceae
1797,gbif,Digitalaceae,Plantaginaceae
1798,gbif,Diplarchaceae,Ericaceae
1799,gbif,Ephemeraceae,Commelinaceae
1800,gbif,Fremontiaceae,Malvaceae
1801,gbif,Galacaceae,Diapensiaceae
1802,gbif,Galeaceae,Myricaceae
1803,gbif,Galeariaceae,Pandaceae
1804,gbif,Geniostomaceae,Loganiaceae
1805,gbif,Grossulariceae,Grossulariaceae
1806,gbif,Haloragidaceae,Haloragaceae
1807,gbif,Hamamelidineae,Hamamelidaceae
1808,gbif,Helosaceae,Balanophoraceae
1809,gbif,Hemionitidaceae,Pteridaceae
1810,gbif,Himatandraceae,Himantandraceae
1811,gbif,Jasminaceae,Oleaceae
1812,gbif,Lampsanaceae,Asteraceae
1813,gbif,Lepidariaceae,Loranthaceae
1814,gbif,Leuchtenbergiaceae,Cactaceae
1815,gbif,Lewisiaceae,Portulacaceae
1816,gbif,Lilacaceae,Oleaceae
1817,gbif,Lindernieae,Linderniaceae
1818,gbif,Malachodendraceae,Theaceae
1819,gbif,Menziesiaceae,Ericaceae
1820,gbif,Metasequoiaceae,Cupressaceae
1821,gbif,Metaxiaceae,Metaxyaceae
1822,gbif,Millingtoniaceae,Sabiaceae
1823,gbif,Mohriaceae,Schizaeaceae
1824,gbif,Monachosoraceae,Dennstaedtiaceae
1825,gbif,Moronobeaceae,Clusiaceae
1826,gbif,Myzodendraceae,Misodendraceae
1827,gbif,Neumanniaceae,Aphloiaceae
1828,gbif,Ophioglosseae,Ophioglossaceae
1829,gbif,Orchidanthaceae,Lowiaceae
1830,gbif,Paletuvieraceae,Rhizophoraceae
1831,gbif,Papaverineae,Papaveraceae
1832,gbif,Patrisaceae,Salicaceae
1833,gbif,Pentaphylaceae,Pentaphylacaceae
1834,gbif,Phrymataceae,Phrymaceae
1835,gbif,Phytelephantaceae,Arecaceae
1836,gbif,Phytolacaceae,Phytolaccaceae
1837,gbif,Platymetraceae,Asparagaceae
1838,gbif,Pleurosoriopsidaceae,Polypodiaceae
1839,gbif,Plumbaginineae,Plumbaginaceae
1840,gbif,Podostemales,Podostemaceae
1841,gbif,Pongatiaceae,Sphenocleaceae
1842,gbif,Protoliriaceae,Petrosaviaceae
1843,gbif,Pterocaryaceae,Juglandaceae
1844,gbif,Rafflesiales,Rafflesiaceae
1845,gbif,Rafflesianae,Rafflesiaceae
1846,gbif,Razoumofskyaceae,Santalaceae
1847,gbif,Rhizobolaceae,Caryocaraceae
1848,gbif,Ripogonaceae,Rhipogonaceae
1849,gbif,Salicariaceae,Lythraceae
1850,gbif,Salisburiaceae,Ginkgoaceae
1851,gbif,Sarumaceae,Aristolochiaceae
1852,gbif,Scytopetaleaceae,Lecythidaceae
1853,gbif,Siphonandraceae,Ericaceae
1854,gbif,Spielmanniaceae,Scrophulariaceae
1855,gbif,Stegnospermaceae,Stegnospermataceae
1856,gbif,Stenochlaenaceae,Blechnaceae
1857,gbif,Stixaceae,Resedaceae
1858,gbif,Strephonemataceae,Combretaceae
1859,gbif,Takhtajaniaceae,Winteraceae
1860,gbif,Toricelliaceae,Torricelliaceae
1861,gbif,Tovarioideae,Tovariaceae
1862,gbif,Treubaniaceae,Loranthaceae
1863,gbif,Treubellaceae,Loranthaceae
1864,gbif,Triphyophyllaceae,Dioncophyllaceae
1865,gbif,Tripterellaceae,Burmanniaceae
1866,gbif,Trochodendrineae,Trochodendraceae
1867,gbif,Vitidaceae,Vitaceae
1868,gbif,Wallaceaceae,Ochnaceae
1869,gbif,Willughbeiaceae,Apocynaceae
1870,gbif,Xanthoceraceae,Sapindaceae
1871,gbif,Xerotaceae,Asparagaceae
