order,source,name,name.correct,order.correct
1,apg_v14,Abietaceae,Pinaceae,Pinales
2,apg_v14,Abolbodaceae,Xyridaceae,Poales
3,apg_v14,Abrophyllaceae,Rousseaceae,Asterales
4,apg_v14,Acaciaceae,Fabaceae,Fabales
5,apg_v14,Acalyphaceae,Euphorbiaceae,Malpighiales
6,apg_v14,Acanthaceae,Acanthaceae,Lamiales
7,apg_v14,Acanthochlamydaceae,Velloziaceae,Pandanales
8,apg_v14,Acarnaceae,Asteraceae,Asterales
9,apg_v14,Aceraceae,Sapindaceae,Sapindales
10,apg_v14,Achariaceae,Achariaceae,Malpighiales
11,apg_v14,Achatocarpaceae,Achatocarpaceae,Caryophyllales
12,apg_v14,Achradaceae,Sapotaceae,Ericales
13,apg_v14,Achyranthaceae,Amaranthaceae,Caryophyllales
14,apg_v14,Acmopylaceae,Podocarpaceae,Cupressales
15,apg_v14,Aconitaceae,Ranunculaceae,Ranunculales
16,apg_v14,Acoraceae,Acoraceae,Acorales
17,apg_v14,Acristaceae,Arecaceae,Arecales
18,apg_v14,Acrostichaceae,Pteridaceae,Polypodiales
19,apg_v14,Actaeaceae,Ranunculaceae,Ranunculales
20,apg_v14,Actinidiaceae,Actinidiaceae,Ericales
21,apg_v14,Actiniopteridaceae,Pteridaceae,Polypodiales
22,apg_v14,Actinotaceae,Apiaceae,Apiales
23,apg_v14,Adenogrammaceae,Molluginaceae,Caryophyllales
24,apg_v14,Adiantaceae,Pteridaceae,Polypodiales
25,apg_v14,Adoxaceae,Viburnaceae,Dipsacales
26,apg_v14,Aegialitidaceae,Plumbaginaceae,Caryophyllales
27,apg_v14,Aegicerataceae,Primulaceae,Ericales
28,apg_v14,Aegilopaceae,Poaceae,Poales
29,apg_v14,Aeginetiaceae,Orobanchaceae,Lamiales
30,apg_v14,Aegiphilaceae,Lamiaceae,Lamiales
31,apg_v14,Aesculaceae,Sapindaceae,Sapindales
32,apg_v14,Aextoxicaceae,Aextoxicaceae,Berberidopsidales
33,apg_v14,Agapanthaceae,Amaryllidaceae,Asparagales
34,apg_v14,Agavaceae,Asparagaceae,Asparagales
35,apg_v14,Agdestidaceae,Phytolaccaceae,Caryophyllales
36,apg_v14,Agialidaceae,Zygophyllaceae,Zygophyllales
37,apg_v14,Agrimoniaceae,Rosaceae,Rosales
38,apg_v14,Agrostidaceae,Poaceae,Poales
39,apg_v14,Ailanthaceae,Simaroubaceae,Sapindales
40,apg_v14,Aitoniaceae,Meliaceae,Sapindales
41,apg_v14,Aizoaceae,Aizoaceae,Caryophyllales
42,apg_v14,Ajugaceae,Lamiaceae,Lamiales
43,apg_v14,Akaniaceae,Akaniaceae,Brassicales
44,apg_v14,Alangiaceae,Cornaceae,Cornales
45,apg_v14,Alchemillaceae,Rosaceae,Rosales
46,apg_v14,Aldrovandaceae,Droseraceae,Caryophyllales
47,apg_v14,Alismataceae,Alismataceae,Alismatales
48,apg_v14,Alliaceae,Amaryllidaceae,Asparagales
49,apg_v14,Allioniaceae,Nyctaginaceae,Caryophyllales
50,apg_v14,Allophylaceae,Sapindaceae,Sapindales
51,apg_v14,Alniphyllaceae,Styracaceae,Ericales
52,apg_v14,Aloaceae,Asphodelaceae,Asparagales
53,apg_v14,Alopecuraceae,Poaceae,Poales
54,apg_v14,Alpiniaceae,Zingiberaceae,Zingiberales
55,apg_v14,Alseuosmiaceae,Alseuosmiaceae,Asterales
56,apg_v14,Alsinaceae,Caryophyllaceae,Caryophyllales
57,apg_v14,Alsodeiaceae,Violaceae,Malpighiales
58,apg_v14,Alsophilaceae,Cyatheaceae,Cyatheales
59,apg_v14,Alstroemeriaceae,Alstroemeriaceae,Liliales
60,apg_v14,Altingiaceae,Altingiaceae,Saxifragales
61,apg_v14,Alzateaceae,Alzateaceae,Myrtales
62,apg_v14,Amaranthaceae,Amaranthaceae,Caryophyllales
63,apg_v14,Amaryllidaceae,Amaryllidaceae,Asparagales
64,apg_v14,Amborellaceae,Amborellaceae,Amborellales
65,apg_v14,Ambrosiaceae,Asteraceae,Asterales
66,apg_v14,Amentotaxaceae,Taxaceae,Cupressales
67,apg_v14,Ammanniaceae,Lythraceae,Myrtales
68,apg_v14,Ammiaceae,Apiaceae,Apiales
69,apg_v14,Amomaceae,Zingiberaceae,Zingiberales
70,apg_v14,Ampelopsidaceae,Vitaceae,Vitales
71,apg_v14,Amphorogynaceae,Santalaceae,Santalales
72,apg_v14,Amygdalaceae,Rosaceae,Rosales
73,apg_v14,Amyridaceae,Rutaceae,Sapindales
74,apg_v14,Anacampserotaceae,Anacampserotaceae,Caryophyllales
75,apg_v14,Anacardiaceae,Anacardiaceae,Sapindales
76,apg_v14,Anagallidaceae,Primulaceae,Ericales
77,apg_v14,Anarthriaceae,Restionaceae,Poales
78,apg_v14,Anchusaceae,Boraginaceae,Boraginales
79,apg_v14,Ancistrocladaceae,Ancistrocladaceae,Caryophyllales
80,apg_v14,Andromedaceae,Ericaceae,Ericales
81,apg_v14,Andropogonaceae,Poaceae,Poales
82,apg_v14,Androstachyaceae,Picrodendraceae,Malpighiales
83,apg_v14,Androsynaceae,Tecophilaeaceae,Asparagales
84,apg_v14,Anemarrhenaceae,Asparagaceae,Asparagales
85,apg_v14,Anemonaceae,Ranunculaceae,Ranunculales
86,apg_v14,Angelicaceae,Apiaceae,Apiales
87,apg_v14,Angeloniaceae,Plantaginaceae,Lamiales
88,apg_v14,Angiopteridaceae,Marattiaceae,Marattiales
89,apg_v14,Anisophylleaceae,Anisophylleaceae,Cucurbitales
90,apg_v14,Annonaceae,Annonaceae,Magnoliales
91,apg_v14,Anomochloaceae,Poaceae,Poales
92,apg_v14,Anopteraceae,Escalloniaceae,Escalloniales
93,apg_v14,Anopteridaceae,Pteridaceae,Polypodiales
94,apg_v14,Anrederaceae,Basellaceae,Caryophyllales
95,apg_v14,Anthemidaceae,Asteroideae,Asterales
96,apg_v14,Anthericaceae,Asparagaceae,Asparagales
97,apg_v14,Anthobolaceae,Opiliaceae,Santalales
98,apg_v14,Anthoxanthaceae,Poaceae,Poales
99,apg_v14,Antidesmataceae,Phyllanthaceae,Malpighiales
100,apg_v14,Antirrhinaceae,Plantaginaceae,Lamiales
101,apg_v14,Antoniaceae,Loganiaceae,Gentianales
102,apg_v14,Antrophyaceae,Pteridaceae,Polypodiales
103,apg_v14,Aparinaceae,Rubiaceae,Gentianales
104,apg_v14,Aphanopetalaceae,Aphanopetalaceae,Saxifragales
105,apg_v14,Aphloiaceae,Aphloiaceae,Crossosomatales
106,apg_v14,Aphyllanthaceae,Asparagaceae,Asparagales
107,apg_v14,Apiaceae,Apiaceae,Apiales
108,apg_v14,Apocynaceae,Apocynaceae,Gentianales
109,apg_v14,Apodanthaceae,Apodanthaceae,Cucurbitales
110,apg_v14,Aponogetonaceae,Aponogetonaceae,Alismatales
111,apg_v14,Aporusaceae,Phyllanthaceae,Malpighiales
112,apg_v14,Aposeridaceae,Asteraceae,Asterales
113,apg_v14,Apostasiaceae,Orchidaceae,Asparagales
114,apg_v14,Aptandraceae,Aptandraceae,Santalales
115,apg_v14,Aquifoliaceae,Aquifoliaceae,Aquifoliales
116,apg_v14,Aquilariaceae,Thymelaeaceae,Malvales
117,apg_v14,Aquilegiaceae,Ranunculaceae,Ranunculales
118,apg_v14,Arabidaceae,Brassicaceae,Brassicales
119,apg_v14,Araceae,Araceae,Alismatales
120,apg_v14,Aragoaceae,Plantaginaceae,Lamiales
121,apg_v14,Araliaceae,Araliaceae,Apiales
122,apg_v14,Aralidiaceae,Torricelliaceae,Apiales
123,apg_v14,Araucariaceae,Araucariaceae,Cupressales
124,apg_v14,Arbutaceae,Ericaceae,Ericales
125,apg_v14,Arceuthidaceae,Cupressaceae,Cupressales
126,apg_v14,Arceuthobiaceae,Santalaceae,Santalales
127,apg_v14,Arctostaphylaceae,Ericaceae,Ericales
128,apg_v14,Arctotidaceae,Asteraceae,Asterales
129,apg_v14,Ardisiaceae,Primulaceae,Ericales
130,apg_v14,Arecaceae,Arecaceae,Arecales
131,apg_v14,Argophyllaceae,Argophyllaceae,Asterales
132,apg_v14,Arisaraceae,Araceae,Alismatales
133,apg_v14,Aristolochiaceae,Aristolochiaceae,Piperales
134,apg_v14,Aristoteliaceae,Elaeocarpaceae,Oxalidales
135,apg_v14,Arjonaceae,Schoepfiaceae,Santalales
136,apg_v14,Armeriaceae,Plumbaginaceae,Caryophyllales
137,apg_v14,Artemisiaceae,Asteraceae,Asterales
138,apg_v14,Arthrotaxidaceae,Cupressaceae,Cupressales
139,apg_v14,Artocarpaceae,Moraceae,Rosales
140,apg_v14,Arundinaceae,Poaceae,Poales
141,apg_v14,Arundinellaceae,Poaceae,Poales
142,apg_v14,Asaraceae,Aristolochiaceae,Piperales
143,apg_v14,Asclepiadaceae,Apocynaceae,Gentianales
144,apg_v14,Ascyraceae,Hypericaceae,Malpighiales
145,apg_v14,Aspalathaceae,Fabaceae,Fabales
146,apg_v14,Asparagaceae,Asparagaceae,Asparagales
147,apg_v14,Asperellaceae,Poaceae,Poales
148,apg_v14,Asperulaceae,Rubiaceae,Gentianales
149,apg_v14,Asphodelaceae,Asphodelaceae,Asparagales
150,apg_v14,Aspidiaceae,Dryopteridaceae,Polypodiales (Eupolypod I)
151,apg_v14,Aspidistraceae,Asparagaceae,Asparagales
152,apg_v14,Asteliaceae,Asteliaceae,Asparagales
153,apg_v14,Asteraceae,Asteraceae,Asterales
154,apg_v14,Asteranthaceae,Lecythidaceae,Ericales
155,apg_v14,Asteropeiaceae,Asteropeiaceae,Caryophyllales
156,apg_v14,Astragalaceae,Fabaceae,Fabales
157,apg_v14,Astrocarpaceae,Resedaceae,Brassicales
158,apg_v14,Athanasiaceae,Asteraceae,Asterales
159,apg_v14,Atherospermataceae,Atherospermataceae,Laurales
160,apg_v14,Atriplicaceae,Amaranthaceae,Caryophyllales
161,apg_v14,Atropaceae,Solanaceae,Solanales
162,apg_v14,Aucubaceae,Garryaceae,Garryales
163,apg_v14,Aurantiaceae,Rutaceae,Sapindales
164,apg_v14,Austrobaileyaceae,Austrobaileyaceae,Austrobaileyales
165,apg_v14,Austrotaxaceae,Taxaceae,Cupressales
166,apg_v14,Avenaceae,Poaceae,Poales
167,apg_v14,Averrhoaceae,Oxalidaceae,Oxalidales
168,apg_v14,Avetraceae,Dioscoreaceae,Dioscoreales
169,apg_v14,Avicenniaceae,Acanthaceae,Lamiales
170,apg_v14,Azaleaceae,Ericaceae,Ericales
171,apg_v14,Azimaceae,Salvadoraceae,Brassicales
172,apg_v14,Azollaceae,Salviniaceae,Marsileales
173,apg_v14,Baeckeaceae,Myrtaceae,Myrtales
174,apg_v14,Balanitaceae,Zygophyllaceae,Zygophyllales
175,apg_v14,Balanopaceae,Balanopaceae,Malpighiales
176,apg_v14,Balanophoraceae,Balanophoraceae,Santalales
177,apg_v14,Balsameaceae,Burseraceae,Sapindales
178,apg_v14,Balsaminaceae,Balsaminaceae,Ericales
179,apg_v14,Bambusaceae,Poaceae,Poales
180,apg_v14,Barbaceniaceae,Velloziaceae,Pandanales
181,apg_v14,Barbeuiaceae,Barbeuiaceae,Caryophyllales
182,apg_v14,Barbeyaceae,Barbeyaceae,Rosales
183,apg_v14,Barclayaceae,Nymphaeaceae,Nymphaeales
184,apg_v14,Barringtoniaceae,Lecythidaceae,Ericales
185,apg_v14,Basellaceae,Basellaceae,Caryophyllales
186,apg_v14,Bataceae,Bataceae,Brassicales
187,apg_v14,Baueraceae,Cunoniaceae,Oxalidales
188,apg_v14,Bauhiniaceae,Fabaceae,Fabales
189,apg_v14,Baxteriaceae,Dasypogonaceae,Arecales
190,apg_v14,Begoniaceae,Begoniaceae,Cucurbitales
191,apg_v14,Behniaceae,Asparagaceae,Asparagales
192,apg_v14,Belangeraceae,Cunoniaceae,Oxalidales
193,apg_v14,Belloniaceae,Gesneriaceae,Lamiales
194,apg_v14,Bembiciaceae,Salicaceae,Malpighiales
195,apg_v14,Berberidaceae,Berberidaceae,Ranunculales
196,apg_v14,Berberidopsidaceae,Berberidopsidaceae,Berberidopsidales
197,apg_v14,Berryaceae,Malvaceae,Malvales
198,apg_v14,Bersamaceae,Francoaceae,Geraniales
199,apg_v14,Bertyaceae,Euphorbiaceae,Malpighiales
200,apg_v14,Berzeliaceae,Bruniaceae,Bruniales
201,apg_v14,Besleriaceae,Gesneriaceae,Lamiales
202,apg_v14,Betaceae,Amaranthaceae,Caryophyllales
203,apg_v14,Betulaceae,Betulaceae,Fagales
204,apg_v14,Biebersteiniaceae,Biebersteiniaceae,Sapindales
205,apg_v14,Bifariaceae,Santalaceae,Santalales
206,apg_v14,Bignoniaceae,Bignoniaceae,Lamiales
207,apg_v14,Bischofiaceae,Phyllanthaceae,Malpighiales
208,apg_v14,Bixaceae,Bixaceae,Malvales
209,apg_v14,Blakeaceae,Melastomataceae,Myrtales
210,apg_v14,Blandfordiaceae,Blandfordiaceae,Asparagales
211,apg_v14,Blattiaceae,Lythraceae,Myrtales
212,apg_v14,Blepharocaryaceae,Anacardiaceae,Sapindales
213,apg_v14,Blitaceae,Amaranthaceae,Caryophyllales
214,apg_v14,Blyxaceae,Hydrocharitaceae,Alismatales
215,apg_v14,Boerlagellaceae,Sapotaceae,Ericales
216,apg_v14,Bogutchanthaceae,Bogutchanthaceae,Hamamelidales
217,apg_v14,Bolbitidaceae,Dryopteridaceae,Polypodiales (Eupolypod I)
218,apg_v14,Bolivaraceae,Oleaceae,Lamiales
219,apg_v14,Bombacaceae,Malvaceae,Malvales
220,apg_v14,Bonnetiaceae,Bonnetiaceae,Malpighiales
221,apg_v14,Bontiaceae,Scrophulariaceae,Lamiales
222,apg_v14,Boopidaceae,Calyceraceae,Asterales
223,apg_v14,Boraginaceae,Boraginaceae,Boraginales
224,apg_v14,Borassaceae,Arecaceae,Arecales
225,apg_v14,Boroniaceae,Rutaceae,Sapindales
226,apg_v14,Borthwickiaceae,Resedaceae,Brassicales
227,apg_v14,Boryaceae,Boryaceae,Asparagales
228,apg_v14,Botrychiaceae,Ophioglossaceae,Ophioglossales
229,apg_v14,Botryodendraceae,Araliaceae,Apiales
230,apg_v14,Bougainvilleaceae,Nyctaginaceae,Caryophyllales
231,apg_v14,Boweniaceae,Zamiaceae,Cycadales
232,apg_v14,Brachycaulaceae,Saxifragaceae,Saxifragales
233,apg_v14,Bracteocarpaceae,Podocarpaceae,Cupressales
234,apg_v14,Brassicaceae,Brassicaceae,Brassicales
235,apg_v14,Bretschneideraceae,Akaniaceae,Brassicales
236,apg_v14,Brexiaceae,Celastraceae,Celastrales
237,apg_v14,Bromaceae,Poaceae,Poales
238,apg_v14,Bromeliaceae,Bromeliaceae,Poales
239,apg_v14,Browalliaceae,Solanaceae,Solanales
240,apg_v14,Brownlowiaceae,Malvaceae,Malvales
241,apg_v14,Brunelliaceae,Brunelliaceae,Oxalidales
242,apg_v14,Bruniaceae,Bruniaceae,Bruniales
243,apg_v14,Brunoniaceae,Goodeniaceae,Asterales
244,apg_v14,Brunsvigiaceae,Amaryllidaceae,Asparagales
245,apg_v14,Bryoniaceae,Cucurbitaceae,Cucurbitales
246,apg_v14,Buchneraceae,Orobanchaceae,Lamiales
247,apg_v14,Bucidaceae,Combretaceae,Myrtales
248,apg_v14,Buddlejaceae,Scrophulariaceae,Lamiales
249,apg_v14,Buglossaceae,Boraginaceae,Boraginales
250,apg_v14,Bulbocodiaceae,Colchicaceae,Liliales
251,apg_v14,Bumeliaceae,Sapotaceae,Ericales
252,apg_v14,Bupleuraceae,Apiaceae,Apiales
253,apg_v14,Burchardiaceae,Colchicaceae,Liliales
254,apg_v14,Burmanniaceae,Burmanniaceae,Dioscoreales
255,apg_v14,Burseraceae,Burseraceae,Sapindales
256,apg_v14,Butneriaceae,Calycanthaceae,Laurales
257,apg_v14,Butomaceae,Butomaceae,Alismatales
258,apg_v14,Buxaceae,Buxaceae,Buxales
259,apg_v14,Byblidaceae,Byblidaceae,Lamiales
260,apg_v14,Byttneriaceae,Malvaceae,Malvales
261,apg_v14,Cabombaceae,Cabombaceae,Nymphaeales
262,apg_v14,Cacaoaceae,Malvaceae,Malvales
263,apg_v14,Cactaceae,Cactaceae,Caryophyllales
264,apg_v14,Caesalpiniaceae,Fabaceae,Fabales
265,apg_v14,Caladiaceae,Araceae,Alismatales
266,apg_v14,Calamaceae,Arecaceae,Arecales
267,apg_v14,Calceolariaceae,Calceolariaceae,Lamiales
268,apg_v14,Calectasiaceae,Dasypogonaceae,Arecales
269,apg_v14,Calendulaceae,Asteraceae,Asterales
270,apg_v14,Callaceae,Araceae,Alismatales
271,apg_v14,Callicomaceae,Cunoniaceae,Oxalidales
272,apg_v14,Calligonaceae,Polygonaceae,Caryophyllales
273,apg_v14,Callitrichaceae,Plantaginaceae,Lamiales
274,apg_v14,Callitridaceae,Cupressaceae,Cupressales
275,apg_v14,Calochortaceae,Liliaceae,Liliales
276,apg_v14,Calophyllaceae,Calophyllaceae,Malpighiales
277,apg_v14,Calthaceae,Ranunculaceae,Ranunculales
278,apg_v14,Calycanthaceae,Calycanthaceae,Laurales
279,apg_v14,Calyceraceae,Calyceraceae,Asterales
280,apg_v14,Cambogiaceae,Clusiaceae,Malpighiales
281,apg_v14,Camelliaceae,Theaceae,Ericales
282,apg_v14,Campanulaceae,Campanulaceae,Asterales
283,apg_v14,Camptothecaceae,Nyssaceae,Cornales
284,apg_v14,Campynemataceae,Campynemataceae,Liliales
285,apg_v14,Canacomyricaceae,Myricaceae,Fagales
286,apg_v14,Canellaceae,Canellaceae,Canellales
287,apg_v14,Cannabaceae,Cannabaceae,Rosales
288,apg_v14,Cannaceae,Cannaceae,Zingiberales
289,apg_v14,Canopodaceae,Santalaceae,Santalales
290,apg_v14,Canotiaceae,Celastraceae,Celastrales
291,apg_v14,Cansjeraceae,Opiliaceae,Santalales
292,apg_v14,Capparaceae,Capparaceae,Brassicales
293,apg_v14,Caprariaceae,Scrophulariaceae,Lamiales
294,apg_v14,Caprifoliaceae,Caprifoliaceae,Dipsacales
295,apg_v14,Cardiopteridaceae,Cardiopteridaceae,Aquifoliales
296,apg_v14,Carduaceae,Asteraceae,Asterales
297,apg_v14,Caricaceae,Caricaceae,Brassicales
298,apg_v14,Carissaceae,Apocynaceae,Gentianales
299,apg_v14,Carlemanniaceae,Carlemanniaceae,Lamiales
300,apg_v14,Carlinaceae,Asteraceae,Asterales
301,apg_v14,Carpinaceae,Betulaceae,Fagales
302,apg_v14,Carpodetaceae,Rousseaceae,Asterales
303,apg_v14,Cartonemataceae,Commelinaceae,Commelinales
304,apg_v14,Caryocaraceae,Caryocaraceae,Malpighiales
305,apg_v14,Caryophyllaceae,Caryophyllaceae,Caryophyllales
306,apg_v14,Cassiaceae,Fabaceae,Fabales
307,apg_v14,Cassipoureaceae,Rhizophoraceae,Malpighiales
308,apg_v14,Cassythaceae,Lauraceae,Laurales
309,apg_v14,Castaneaceae,Fagaceae,Fagales
310,apg_v14,Castelaceae,Simaroubaceae,Sapindales
311,apg_v14,Casuarinaceae,Casuarinaceae,Fagales
312,apg_v14,Catesbaeaceae,Rubiaceae,Gentianales
313,apg_v14,Cathedraceae,Aptandraceae,Santalales
314,apg_v14,Caucaulidaceae,Apiaceae,Apiales
315,apg_v14,Cecropiaceae,Urticaceae,Rosales
316,apg_v14,Cedraceae,Pinaceae,Pinales
317,apg_v14,Cedrelaceae,Meliaceae,Sapindales
318,apg_v14,Celastraceae,Celastraceae,Celastrales
319,apg_v14,Celosiaceae,Amaranthaceae,Caryophyllales
320,apg_v14,Celtidaceae,Cannabaceae,Rosales
321,apg_v14,Centaureaceae,Asteraceae,Asterales
322,apg_v14,Centrolepidaceae,Restionaceae,Poales
323,apg_v14,Centroplacaceae,Centroplacaceae,Malpighiales
324,apg_v14,Cepaceae,Amaryllidaceae,Asparagales
325,apg_v14,Cephalanthaceae,Rubiaceae,Gentianales
326,apg_v14,Cephalotaceae,Cephalotaceae,Oxalidales
327,apg_v14,Cephalotaxaceae,Taxaceae,Cupressales
328,apg_v14,Cerastiaceae,Caryophyllaceae,Caryophyllales
329,apg_v14,Ceratoniaceae,Fabaceae,Fabales
330,apg_v14,Ceratophyllaceae,Ceratophyllaceae,Ceratophyllales
331,apg_v14,Ceratopteridaceae,Pteridaceae,Polypodiales
332,apg_v14,Cerberaceae,Apocynaceae,Gentianales
333,apg_v14,Cercidiphyllaceae,Cercidiphyllaceae,Saxifragales
334,apg_v14,Cercocarpaceae,Rosaceae,Rosales
335,apg_v14,Cercodiaceae,Haloragaceae,Saxifragales
336,apg_v14,Cereaceae,Cactaceae,Caryophyllales
337,apg_v14,Cerinthaceae,Boraginaceae,Boraginales
338,apg_v14,Ceroxylaceae,Arecaceae,Arecales
339,apg_v14,Cervantesiaceae,Santalaceae,Santalales
340,apg_v14,Cestraceae,Solanaceae,Solanales
341,apg_v14,Cevalliaceae,Loasaceae,Cornales
342,apg_v14,Chaeturaceae,Poaceae,Poales
343,apg_v14,Chailletiaceae,Dichapetalaceae,Malpighiales
344,apg_v14,Chamaedoraceae,Arecaceae,Arecales
345,apg_v14,Chamaemoraceae,Rosaceae,Rosales
346,apg_v14,Chamelauciaceae,Myrtaceae,Myrtales
347,apg_v14,Chaunochitonaceae,Aptandraceae,Santalales
348,apg_v14,Cheilanthaceae,Pteridaceae,Polypodiales
349,apg_v14,Cheilosaceae,Euphorbiaceae,Malpighiales
350,apg_v14,Cheiropleuriaceae,Dipteridaceae,Gleicheniales
351,apg_v14,Chelidoniaceae,Papaveraceae,Ranunculales
352,apg_v14,Chelonaceae,Plantaginaceae,Lamiales
353,apg_v14,Chenopodiaceae,Amaranthaceae,Caryophyllales
354,apg_v14,Chimonanthaceae,Calycanthaceae,Laurales
355,apg_v14,Chingithamnaceae,Celastraceae,Celastrales
356,apg_v14,Chionographidaceae,Melanthiaceae,Liliales
357,apg_v14,Chiranthodendraceae,Malvaceae,Malvales
358,apg_v14,Chironiaceae,Gentianaceae,Gentianales
359,apg_v14,Chlaenaceae,Sarcolaenaceae,Malvales
360,apg_v14,Chloanthaceae,Lamiaceae,Lamiales
361,apg_v14,Chloranthaceae,Chloranthaceae,Chloranthales
362,apg_v14,Chloridaceae,Poaceae,Poales
363,apg_v14,Chlorogalaceae,Asparagaceae,Asparagales
364,apg_v14,Christenseniaceae,Marattiaceae,Marattiales
365,apg_v14,Chrysobalanaceae,Chrysobalanaceae,Malpighiales
366,apg_v14,Chrysospleniaceae,Saxifragaceae,Saxifragales
367,apg_v14,Ciceraceae,Fabaceae,Fabales
368,apg_v14,Cichoriaceae,Asteraceae,Asterales
369,apg_v14,Cimicifugaceae,Ranunculaceae,Ranunculales
370,apg_v14,Cinchoniaceae,Rubiaceae,Gentianales
371,apg_v14,Circaeaceae,Onagraceae,Myrtales
372,apg_v14,Circaeasteraceae,Circaeasteraceae,Ranunculales
373,apg_v14,Cissaceae,Vitaceae,Vitales
374,apg_v14,Cistaceae,Cistaceae,Malvales
375,apg_v14,Citraceae,Rutaceae,Sapindales
376,apg_v14,Clematidaceae,Ranunculaceae,Ranunculales
377,apg_v14,Cleomaceae,Cleomaceae,Brassicales
378,apg_v14,Clethraceae,Clethraceae,Ericales
379,apg_v14,Clusiaceae,Clusiaceae,Malpighiales
380,apg_v14,Cneoraceae,Rutaceae,Sapindales
381,apg_v14,Cnestidaceae,Connaraceae,Oxalidales
382,apg_v14,Cnicaceae,Asteraceae,Asterales
383,apg_v14,Cobaeaceae,Polemoniaceae,Ericales
384,apg_v14,Cochlospermaceae,Bixaceae,Malvales
385,apg_v14,Cocosaceae,Arecaceae,Arecales
386,apg_v14,Codonaceae,Codonaceae,Boraginales
387,apg_v14,Coeleanthaceae,Poaceae,Poales
388,apg_v14,Coffeaceae,Rubiaceae,Gentianales
389,apg_v14,Colchicaceae,Colchicaceae,Liliales
390,apg_v14,Coldeniaceae,Cordiaceae,Boraginales
391,apg_v14,Coleogynaceae,Rosaceae,Rosales
392,apg_v14,Colocasiaceae,Araceae,Alismatales
393,apg_v14,Columelliaceae,Columelliaceae,Bruniales
394,apg_v14,Comandraceae,Santalaceae,Santalales
395,apg_v14,Combretaceae,Combretaceae,Myrtales
396,apg_v14,Commelinaceae,Commelinaceae,Commelinales
397,apg_v14,Comocladiaceae,Anacardiaceae,Sapindales
398,apg_v14,Compositae,Compositae,Asterales
399,apg_v14,Compsoaceae,Calochortoideae,Liliales
400,apg_v14,Conantheraceae,Tecophilaeaceae,Asparagales
401,apg_v14,Connaraceae,Connaraceae,Oxalidales
402,apg_v14,Conostylidaceae,Haemodoraceae,Commelinales
403,apg_v14,Convallariaceae,Asparagaceae,Asparagales
404,apg_v14,Convolvulaceae,Convolvulaceae,Solanales
405,apg_v14,Corbichoniaceae,Lophiocarpaceae,Caryophyllales
406,apg_v14,Cordiaceae,Cordiaceae,Boraginales
407,apg_v14,Coreopsidaceae,Asteraceae,Asterales
408,apg_v14,Coriandraceae,Apiaceae,Apiales
409,apg_v14,Coriariaceae,Coriariaceae,Cucurbitales
410,apg_v14,Coridaceae,Primulaceae,Ericales
411,apg_v14,Corispermaceae,Amaranthaceae,Caryophyllales
412,apg_v14,Cornaceae,Cornaceae,Cornales
413,apg_v14,Corokiaceae,Argophyllaceae,Asterales
414,apg_v14,Coronillaceae,Fabaceae,Fabales
415,apg_v14,Correaceae,Rutaceae,Sapindales
416,apg_v14,Corrigiolaceae,Caryophyllaceae,Caryophyllales
417,apg_v14,Corsiaceae,Corsiaceae,Liliales
418,apg_v14,Corydalaceae,Papaveraceae,Ranunculales
419,apg_v14,Corylaceae,Betulaceae,Fagales
420,apg_v14,Corynocarpaceae,Corynocarpaceae,Cucurbitales
421,apg_v14,Coryphaceae,Arecaceae,Arecales
422,apg_v14,Costaceae,Costaceae,Zingiberales
423,apg_v14,Cotyledonaceae,Crassulaceae,Saxifragales
424,apg_v14,Coulaceae,Coulaceae,Santalales
425,apg_v14,Coutariaceae,Rubiaceae,Gentianales
426,apg_v14,Coutoubeaceae,Gentianaceae,Gentianales
427,apg_v14,Crassulaceae,Crassulaceae,Saxifragales
428,apg_v14,Crescentiaceae,Bignoniaceae,Lamiales
429,apg_v14,Cressaceae,Convolvulaceae,Solanales
430,apg_v14,Crinaceae,Amaryllidaceae,Asparagales
431,apg_v14,Crocaceae,Iridaceae,Asparagales
432,apg_v14,Croomiaceae,Stemonaceae,Pandanales
433,apg_v14,Crossosomataceae,Crossosomataceae,Crossosomatales
434,apg_v14,Crotonaceae,Euphorbiaceae,Malpighiales
435,apg_v14,Cruciferae,Cruciferae,Brassicales
436,apg_v14,Cryptaceae,Elatinaceae,Malpighiales
437,apg_v14,Crypteroniaceae,Crypteroniaceae,Myrtales
438,apg_v14,Cryptocorynaceae,Araceae,Alismatales
439,apg_v14,Cryptogammaceae,Pteridaceae,Polypodiales
440,apg_v14,Cryptomeriaceae,Cupressaceae,Cupressales
441,apg_v14,Ctenolophonaceae,Ctenolophonaceae,Malpighiales
442,apg_v14,Cucurbitaceae,Cucurbitaceae,Cucurbitales
443,apg_v14,Cunninghamiaceae,Cupressaceae,Cupressales
444,apg_v14,Cunoniaceae,Cunoniaceae,Oxalidales
445,apg_v14,Cupressaceae,Cupressaceae,Cupressales
446,apg_v14,Curcumaceae,Zingiberaceae,Zingiberales
447,apg_v14,Curtisiaceae,Curtisiaceae,Cornales
448,apg_v14,Cuscutaceae,Convolvulaceae,Solanales
449,apg_v14,Cyananthaceae,Campanulaceae,Asterales
450,apg_v14,Cyanastraceae,Tecophilaeaceae,Asparagales
451,apg_v14,Cyanellaceae,Tecophilaeaceae,Asparagales
452,apg_v14,Cycadaceae,Cycadaceae,Cycadales
453,apg_v14,Cyclanthaceae,Cyclanthaceae,Pandanales
454,apg_v14,Cyclantheraceae,Cucurbitaceae,Cucurbitales
455,apg_v14,Cyclocheilaceae,Orobanchaceae,Lamiales
456,apg_v14,Cydoniaceae,Rosaceae,Rosales
457,apg_v14,Cymodoceaceae,Cymodoceaceae,Alismatales
458,apg_v14,Cynanchaceae,Apocynaceae,Gentianales
459,apg_v14,Cynaraceae,Asteraceae,Asterales
460,apg_v14,Cynocrambaceae,Rubiaceae,Gentianales
461,apg_v14,Cynodontaceae,Poaceae,Poales
462,apg_v14,Cynoglossaceae,Boraginaceae,Boraginales
463,apg_v14,Cynomoriaceae,Cynomoriaceae,Saxifragales
464,apg_v14,Cynosuraceae,Poaceae,Poales
465,apg_v14,Cyperaceae,Cyperaceae,Poales
466,apg_v14,Cyphiaceae,Campanulaceae,Asterales
467,apg_v14,Cyphocarpaceae,Campanulaceae,Asterales
468,apg_v14,Cypripediaceae,Orchidaceae,Asparagales
469,apg_v14,Cyrillaceae,Cyrillaceae,Ericales
470,apg_v14,Cyrtandraceae,Gesneriaceae,Lamiales
471,apg_v14,Cyrtanthaceae,Amaryllidaceae,Asparagales
472,apg_v14,Cytinaceae,Cytinaceae,Malvales
473,apg_v14,Dacrycarpaceae,Podocarpacea,Cupressales
474,apg_v14,Dactylanthaceae,Balanophoraceae,Santalales
475,apg_v14,Dalbergiaceae,Fabaceae,Fabales
476,apg_v14,Daleaceae,Fabaceae,Fabales
477,apg_v14,Damasoniaceae,Alismataceae,Alismatales
478,apg_v14,Danaeaceae,Marattiaceae,Marattiales
479,apg_v14,Daphnaceae,Thymelaeaceae,Malvales
480,apg_v14,Daphniphyllaceae,Daphniphyllaceae,Saxifragales
481,apg_v14,Dasypogonaceae,Dasypogonaceae,Arecales
482,apg_v14,Datiscaceae,Datiscaceae,Cucurbitales
483,apg_v14,Daturaceae,Solanaceae,Solanales
484,apg_v14,Daucaceae,Apiaceae,Apiales
485,apg_v14,Davidiaceae,Nyssaceae,Cornales
486,apg_v14,Davidsoniaceae,Cunoniaceae,Oxalidales
487,apg_v14,Decaisneaceae,Lardizabalaceae,Ranunculales
488,apg_v14,Deeringiaceae,Amaranthaceae,Caryophyllales
489,apg_v14,Degeneriaceae,Degeneriaceae,Magnoliales
490,apg_v14,Delimaceae,Dilleniaceae,Dilleniales
491,apg_v14,Delphiniaceae,Ranunculaceae,Ranunculales
492,apg_v14,Dendrophthoaceae,Loranthaceae,Santalales
493,apg_v14,Desfontainiaceae,Columelliaceae,Bruniales
494,apg_v14,Detariaceae,Fabaceae,Fabales
495,apg_v14,Dialypetalanthaceae,Rubiaceae,Gentianales
496,apg_v14,Dianellaceae,Asphodelaceae,Asparagales
497,apg_v14,Dianthaceae,Caryophyllaceae,Caryophyllales
498,apg_v14,Diapensiaceae,Diapensiaceae,Ericales
499,apg_v14,Dichapetalaceae,Dichapetalaceae,Malpighiales
500,apg_v14,Dichondraceae,Convolvulaceae,Solanales
501,apg_v14,Diclidantheraceae,Polygalaceae,Fabales
502,apg_v14,Dicrastylidiaceae,Lamiaceae,Lamiales
503,apg_v14,Dictamnaceae,Rutaceae,Sapindales
504,apg_v14,Didiereaceae,Didiereaceae,Caryophyllales
505,apg_v14,Didymelaceae,Buxaceae,Buxales
506,apg_v14,Didymocarpaceae,Gesneriaceae,Lamiales
507,apg_v14,Diegodendraceae,Bixaceae,Malvales
508,apg_v14,Diervillaceae,Caprifoliaceae,Dipsacales
509,apg_v14,Digitalidaceae,Plantaginaceae,Lamiales
510,apg_v14,Dilatridaceae,Haemodoraceae,Commelinales
511,apg_v14,Dilleniaceae,Dilleniaceae,Dilleniales
512,apg_v14,Dioaceae,Zamiaceae,Cycadales
513,apg_v14,Dionaeaceae,Droseraceae,Caryophyllales
514,apg_v14,Dioncophyllaceae,Dioncophyllaceae,Caryophyllales
515,apg_v14,Dioscoreaceae,Dioscoreaceae,Dioscoreales
516,apg_v14,Diosmaceae,Rutaceae,Sapindales
517,apg_v14,Diospyraceae,Ebenaceae,Ericales
518,apg_v14,Dipentodontaceae,Dipentodontaceae,Huerteales
519,apg_v14,Diphylleiaceae,Berberidaceae,Ranunculales
520,apg_v14,Diplolaenaceae,Rutaceae,Sapindales
521,apg_v14,Dipsacaceae,Caprifoliaceae,Dipsacales
522,apg_v14,Dipterocarpaceae,Dipterocarpaceae,Malvales
523,apg_v14,Dirachmaceae,Dirachmaceae,Rosales
524,apg_v14,Disanthaceae,Hamamelidaceae,Saxifragales
525,apg_v14,Diselmaceae,Cupressaceae,Cupressales
526,apg_v14,Dodonaeaceae,Sapindaceae,Sapindales
527,apg_v14,Dombeyaceae,Malvaceae,Malvales
528,apg_v14,Donatiaceae,Stylidiaceae,Asterales
529,apg_v14,Dorsteniaceae,Moraceae,Rosales
530,apg_v14,Dortmannaceae,Campanulaceae,Asterales
531,apg_v14,Doryanthaceae,Doryanthaceae,Asparagales
532,apg_v14,Drabaceae,Brassicaceae,Brassicales
533,apg_v14,Dracaenaceae,Asparagaceae,Asparagales
534,apg_v14,Dracontiaceae,Araceae,Alismatales
535,apg_v14,Drimyidaceae,Winteraceae,Canellales
536,apg_v14,Droseraceae,Droseraceae,Caryophyllales
537,apg_v14,Drosophyllaceae,Drosophyllaceae,Caryophyllales
538,apg_v14,Dryadaceae,Rosaceae,Rosales
539,apg_v14,Drynariaceae,Polypodiaceae,Polypodiales (Eupolypod I)
540,apg_v14,Duabangaceae,Lythraceae,Myrtales
541,apg_v14,Duckeodendraceae,Solanaceae,Solanales
542,apg_v14,Dulongiaceae,Phyllonomaceae,Aquifoliales
543,apg_v14,Durantaceae,Verbenaceae,Lamiales
544,apg_v14,Durionaceae,Malvaceae,Malvales
545,apg_v14,Dysphaniaceae,Amaranthaceae,Caryophyllales
546,apg_v14,Ebenaceae,Ebenaceae,Ericales
547,apg_v14,Eccremidaceae,Asphodelaceae,Asparagales
548,apg_v14,Ecdeiocoleaceae,Ecdeiocoleaceae,Poales
549,apg_v14,Echiaceae,Boraginaceae,Boraginales
550,apg_v14,Echinariaceae,Poaceae,Poales
551,apg_v14,Echinopaceae,Asteraceae,Asterales
552,apg_v14,Ehretiaceae,Ehretiaceae,Boraginales
553,apg_v14,Ehrhartaceae,Poaceae,Poales
554,apg_v14,Elaeagnaceae,Elaeagnaceae,Rosales
555,apg_v14,Elaeocarpaceae,Elaeocarpaceae,Oxalidales
556,apg_v14,Elaphoglossaceae,Dryopteridaceae,Polypodiales (Eupolypod I)
557,apg_v14,Elatinaceae,Elatinaceae,Malpighiales
558,apg_v14,Elegiaceae,Restionaceae,Poales
559,apg_v14,Ellisiaceae,Hydrophyllaceae,Boraginales
560,apg_v14,Ellisiophyllaceae,Plantaginaceae,Lamiales
561,apg_v14,Elodeaceae,Hydrocharitaceae,Alismatales
562,apg_v14,Elytranthaceae,Loranthaceae,Santalales
563,apg_v14,Embeliaceae,Primulaceae,Ericales
564,apg_v14,Emblingiaceae,Emblingiaceae,Brassicales
565,apg_v14,Emmotaceae,Metteniusaceae,Metteniusales
566,apg_v14,Empetraceae,Ericaceae,Ericales
567,apg_v14,Encephalartaceae,Zamiaceae,Cycadales
568,apg_v14,Engelhardtiaceae,Juglandaceae,Fagales
569,apg_v14,Enhalaceae,Hydrocharitaceae,Alismatales
570,apg_v14,Epacridaceae,Ericaceae,Ericales
571,apg_v14,Ephedraceae,Ephedraceae,Gnetales
572,apg_v14,Ephemeranthaceae,Commelinaceae,Commelinales
573,apg_v14,Epilobiaceae,Onagraceae,Myrtales
574,apg_v14,Epimediaceae,Berberidaceae,Ranunculales
575,apg_v14,Eragrostidaceae,Poaceae,Poales
576,apg_v14,Eremolepidaceae,Santalaceae,Santalales
577,apg_v14,Eremosynaceae,Escalloniaceae,Escalloniales
578,apg_v14,Ericaceae,Ericaceae,Ericales
579,apg_v14,Erinaceae,Orobanchaceae,Lamiales
580,apg_v14,Eriocaulaceae,Eriocaulaceae,Poales
581,apg_v14,Eriogonaceae,Polygonaceae,Caryophyllales
582,apg_v14,Eriospermaceae,Asparagaceae,Asparagales
583,apg_v14,Erodiaceae,Geraniaceae,Geraniales
584,apg_v14,Erycibaceae,Convolvulaceae,Solanales
585,apg_v14,Eryngiaceae,Apiaceae,Apiales
586,apg_v14,Erysimaceae,Brassicaceae,Brassicales
587,apg_v14,Erythroniaceae,Liliaceae,Liliales
588,apg_v14,Erythropalaceae,Erythropalaceae,Santalales
589,apg_v14,Erythrospermaceae,Achariaceae,Malpighiales
590,apg_v14,Erythroxylaceae,Erythroxylaceae,Malpighiales
591,apg_v14,Escalloniaceae,Escalloniaceae,Escalloniales
592,apg_v14,Eschscholziaceae,Papaveraceae,Ranunculales
593,apg_v14,Eucomidaceae,Asparagaceae,Asparagales
594,apg_v14,Eucommiaceae,Eucommiaceae,Garryales
595,apg_v14,Eucryphiaceae,Cunoniaceae,Oxalidales
596,apg_v14,Eugeniaceae,Myrtaceae,Myrtales
597,apg_v14,Euonymaceae,Celastraceae,Celastrales
598,apg_v14,Eupatoriaceae,Asteraceae,Asterales
599,apg_v14,Euphorbiaceae,Euphorbiaceae,Malpighiales
600,apg_v14,Euphrasiaceae,Orobanchaceae,Lamiales
601,apg_v14,Euphroniaceae,Euphroniaceae,Malpighiales
602,apg_v14,Eupomatiaceae,Eupomatiaceae,Magnoliales
603,apg_v14,Eupteleaceae,Eupteleaceae,Ranunculales
604,apg_v14,Euryalaceae,Nymphaeaceae,Nymphaeales
605,apg_v14,Eustrephaceae,Asparagaceae,Asparagales
606,apg_v14,Euthemidaceae,Ochnaceae,Malpighiales
607,apg_v14,Eutocaceae,Hydrophyllaceae,Boraginales
608,apg_v14,Evolvulaceae,Convolvulaceae,Solanales
609,apg_v14,Exbucklandiaceae,Hamamelidaceae,Saxifragales
610,apg_v14,Exocarpaceae,Santalaceae,Santalales
611,apg_v14,Fabaceae,Fabaceae,Fabales
612,apg_v14,Fagaceae,Fagaceae,Fagales
613,apg_v14,Falcatifoliaceae,Podocarpaceae,Cupressales
614,apg_v14,Ferulaceae,Apiaceae,Apiales
615,apg_v14,Festucaceae,Poaceae,Poales
616,apg_v14,Ficaceae,Moraceae,Rosales
617,apg_v14,Ficoidaceae,Aizoaceae,Caryophyllales
618,apg_v14,Filicaceae,Dryopteridaceae,Polypodiales (Eupolypod I)
619,apg_v14,Fitzroyaceae,Cupressaceae,Cupressales
620,apg_v14,Flacourtiaceae,Salicaceae,Malpighiales
621,apg_v14,Flagellariaceae,Flagellariaceae,Poales
622,apg_v14,Flindersiaceae,Rutaceae,Sapindales
623,apg_v14,Foetidiaceae,Lecythidaceae,Ericales
624,apg_v14,Forestieraceae,Oleaceae,Lamiales
625,apg_v14,Fothergillaceae,Hamamelidaceae,Saxifragales
626,apg_v14,Fouquieriaceae,Fouquieriaceae,Ericales
627,apg_v14,Fragariaceae,Rosaceae,Rosales
628,apg_v14,Francoaceae,Francoaceae,Geraniales
629,apg_v14,Frangulaceae,Rhamnaceae,Rosales
630,apg_v14,Frankeniaceae,Frankeniaceae,Caryophyllales
631,apg_v14,Fraxinaceae,Oleaceae,Lamiales
632,apg_v14,Fraxinellaceae,Rutaceae,Sapindales
633,apg_v14,Freycinetiaceae,Pandanaceae,Pandanales
634,apg_v14,Fritillariaceae,Liliaceae,Liliales
635,apg_v14,Fuchsiaceae,Onagraceae,Myrtales
636,apg_v14,Fumariaceae,Papaveraceae,Ranunculales
637,apg_v14,Funkiaceae,Asparagaceae,Asparagales
638,apg_v14,Gaiadendraceae,Loranthaceae,Santalales
639,apg_v14,Galacinaceae,Diapensiaceae,Ericales
640,apg_v14,Galanthaceae,Amaryllidaceae,Asparagales
641,apg_v14,Galaxiaceae,Iridaceae,Asparagales
642,apg_v14,Galedupaceae,Fabaceae,Fabales
643,apg_v14,Galeniaceae,Aizoaceae,Caryophyllales
644,apg_v14,Galiaceae,Rubiaceae,Gentianales
645,apg_v14,Garciniaceae,Clusiaceae,Malpighiales
646,apg_v14,Gardeniaceae,Rubiaceae,Gentianales
647,apg_v14,Gardneriaceae,Loganiaceae,Gentianales
648,apg_v14,Garryaceae,Garryaceae,Garryales
649,apg_v14,Geissolomataceae,Geissolomataceae,Crossosomatales
650,apg_v14,Geitonoplesiaceae,Asphodelaceae,Asparagales
651,apg_v14,Gelsemiaceae,Gelsemiaceae,Gentianales
652,apg_v14,Geniostomataceae,Loganiaceae,Gentianales
653,apg_v14,Gentianaceae,Gentianaceae,Gentianales
654,apg_v14,Geoffroeaceae,Fabaceae,Fabales
655,apg_v14,Geonomataceae,Arecaceae,Arecales
656,apg_v14,Geosiridaceae,Iridaceae,Asparagales
657,apg_v14,Geraniaceae,Geraniaceae,Geraniales
658,apg_v14,Gerrardinaceae,Gerrardinaceae,Huerteales
659,apg_v14,Gesneriaceae,Gesneriaceae,Lamiales
660,apg_v14,Gethyllidaceae,Amaryllidaceae,Asparagales
661,apg_v14,Gilliesiaceae,Amaryllidaceae,Asparagales
662,apg_v14,Ginalloaceae,Santalaceae,Santalales
663,apg_v14,Ginkgoaceae,Ginkgoaceae,Ginkgoales
664,apg_v14,Gisekiaceae,Gisekiaceae,Caryophyllales
665,apg_v14,Gladiolaceae,Iridaceae,Asparagales
666,apg_v14,Glaucidiaceae,Ranunculaceae,Ranunculales
667,apg_v14,Glechomaceae,Lamiaceae,Lamiales
668,apg_v14,Glinaceae,Molluginaceae,Caryophyllales
669,apg_v14,Globulariaceae,Plantaginaceae,Lamiales
670,apg_v14,Glyceriaceae,Poaceae,Poales
671,apg_v14,Gnaphaliaceae,Asteraceae,Asterales
672,apg_v14,Gnetaceae,Gnetaceae,Gnetales
673,apg_v14,Gnidiaceae,Thymelaeaceae,Malvales
674,apg_v14,Goetzeaceae,Solanaceae,Solanales
675,apg_v14,Gomortegaceae,Gomortegaceae,Laurales
676,apg_v14,Gomphiaceae,Ochnaceae,Malpighiales
677,apg_v14,Gomphrenaceae,Amaranthaceae,Caryophyllales
678,apg_v14,Gonystylaceae,Thymelaeaceae,Malvales
679,apg_v14,Goodeniaceae,Goodeniaceae,Asterales
680,apg_v14,Gordoniaceae,Theaceae,Ericales
681,apg_v14,Gouaniaceae,Rhamnaceae,Rosales
682,apg_v14,Goupiaceae,Goupiaceae,Malpighiales
683,apg_v14,Gramineae,Gramineae,Poales
684,apg_v14,Grammitidaceae,Polypodiaceae,Polypodiales (Eupolypod I)
685,apg_v14,Gratiolaceae,Plantaginaceae,Lamiales
686,apg_v14,Grewiaceae,Malvaceae,Malvales
687,apg_v14,Greyiaceae,Francoaceae,Geraniales
688,apg_v14,Grielaceae,Neuradaceae,Malvales
689,apg_v14,Grindeliaceae,Asteraceae,Asterales
690,apg_v14,Griseliniaceae,Griseliniaceae,Apiales
691,apg_v14,Gronoviaceae,Loasaceae,Cornales
692,apg_v14,Grossulariaceae,Grossulariaceae,Saxifragales
693,apg_v14,Grubbiaceae,Grubbiaceae,Cornales
694,apg_v14,Guaiacanaceae,Ebenaceae,Ericales
695,apg_v14,Guamatelaceae,Guamatelaceae,Crossosomatales
696,apg_v14,Guettardaceae,Rubiaceae,Gentianales
697,apg_v14,Gunneraceae,Gunneraceae,Gunnerales
698,apg_v14,Gustaviaceae,Lecythidaceae,Ericales
699,apg_v14,Guttiferae,Clusiaceae,Malpighiales
700,apg_v14,Gymnogrammitidaceae,Polypodiaceae,Polypodiales (Eupolypod I)
701,apg_v14,Gyrocarpaceae,Hernandiaceae,Laurales
702,apg_v14,Gyrostemonaceae,Gyrostemonaceae,Brassicales
703,apg_v14,Hachetteaceae,Balanophoraceae,Santalales
704,apg_v14,Haemanthaceae,Amaryllidaceae,Asparagales
705,apg_v14,Haemodoraceae,Haemodoraceae,Commelinales
706,apg_v14,Halesiaceae,Styracaceae,Ericales
707,apg_v14,Halleriaceae,Stilbaceae,Lamiales
708,apg_v14,Halocarpaceae,Podocarpaceae,Cupressales
709,apg_v14,Halophilaceae,Hydrocharitaceae,Alismatales
710,apg_v14,Halophytaceae,Halophytaceae,Caryophyllales
711,apg_v14,Haloragaceae,Haloragaceae,Saxifragales
712,apg_v14,Hamamelidaceae,Hamamelidaceae,Saxifragales
713,apg_v14,Hameliaceae,Rubiaceae,Gentianales
714,apg_v14,Hanguanaceae,Hanguanaceae,Commelinales
715,apg_v14,Haptanthaceae,Buxacea,Buxales
716,apg_v14,Harmandiaceae,Aptandraceae,Santalales
717,apg_v14,Hebenstretiaceae,Scrophulariaceae,Lamiales
718,apg_v14,Hectorellaceae,Montiaceae,Caryophyllales
719,apg_v14,Hederaceae,Araliaceae,Apiales
720,apg_v14,Hedyosmaceae,Chloranthaceae,Chloranthales
721,apg_v14,Hedyotidaceae,Rubiaceae,Gentianales
722,apg_v14,Hedysaraceae,Fabaceae,Fabales
723,apg_v14,Heisteriaceae,Erythropalaceae,Santalales
724,apg_v14,Heleniaceae,Asteraceae,Asterales
725,apg_v14,Heliamphoraceae,Sarraceniaceae,Ericales
726,apg_v14,Helianthaceae,Asteraceae,Asterales
727,apg_v14,Helianthemaceae,Cistaceae,Malvales
728,apg_v14,Helichrysaceae,Asteraceae,Asterales
729,apg_v14,Heliconiaceae,Heliconiaceae,Zingiberales
730,apg_v14,Helicteraceae,Malvaceae,Malvales
731,apg_v14,Heliotropiaceae,Heliotropiaceae,Boraginales
732,apg_v14,Helleboraceae,Ranunculaceae,Ranunculales
733,apg_v14,Helmithostachyaceae,Ophioglossaceae,Ophioglossales
734,apg_v14,Heloniadaceae,Melanthiaceae,Liliales
735,apg_v14,Helosidaceae,Balanophoraceae,Santalales
736,apg_v14,Helwingiaceae,Helwingiaceae,Aquifoliales
737,apg_v14,Hemerocallidaceae,Asphodelaceae,Asparagales
738,apg_v14,Hemimeridaceae,Scrophulariaceae,Lamiales
739,apg_v14,Hemionotidaceae,Pteridaceae,Polypodiales
740,apg_v14,Hemiphylacaceae,Asparagaceae,Asparagales
741,apg_v14,Henriqueziaceae,Rubiaceae,Gentianales
742,apg_v14,Henslowiaceae,Crypteroniaceae,Myrtales
743,apg_v14,Hermanniaceae,Malvaceae,Malvales
744,apg_v14,Hernandiaceae,Hernandiaceae,Laurales
745,apg_v14,Herniariaceae,Caryophyllaceae,Caryophyllales
746,apg_v14,Herreriaceae,Asparagaceae,Asparagales
747,apg_v14,Hesperocallidaceae,Asparagaceae,Asparagales
748,apg_v14,Heterantheraceae,Pontederiaceae,Commelinales
749,apg_v14,Heteropyxidaceae,Myrtaceae,Myrtales
750,apg_v14,Heterostylaceae,Juncaginaceae,Alismatales
751,apg_v14,Hewardiaceae,Iridaceae,Asparagales
752,apg_v14,Hibbertiaceae,Dilleniaceae,Dilleniales
753,apg_v14,Hibiscaceae,Malvaceae,Malvales
754,apg_v14,Hilleriaceae,Petiveriaceae,Caryophyllales
755,apg_v14,Himantandraceae,Himantandraceae,Magnoliales
756,apg_v14,Hippocastanaceae,Sapindaceae,Sapindales
757,apg_v14,Hippocrateaceae,Celastraceae,Celastrales
758,apg_v14,Hippomanaceae,Euphorbiaceae,Malpighiales
759,apg_v14,Hippophaeaceae,Elaeagnaceae,Rosales
760,apg_v14,Hippuridaceae,Plantaginaceae,Lamiales
761,apg_v14,Hirtellaceae,Chrysobalanaceae,Malpighiales
762,apg_v14,Holacanthaceae,Simaroubaceae,Sapindales
763,apg_v14,Holcaceae,Poaceae,Poales
764,apg_v14,Homaliaceae,Salicaceae,Malpighiales
765,apg_v14,Hopkinsiaceae,Restionaceae,Poales
766,apg_v14,Hoplestigmataceae,Cordiaceae,Boraginales
767,apg_v14,Hordeaceae,Poaceae,Poales
768,apg_v14,Hornschuchiaceae,Annonaceae,Magnoliales
769,apg_v14,Hortensiaceae,Hydrangeaceae,Cornales
770,apg_v14,Hortoniaceae,Monimiaceae,Laurales
771,apg_v14,Hostaceae,Asparagaceae,Asparagales
772,apg_v14,Hottoniaceae,Primulaceae,Ericales
773,apg_v14,Houstoniaceae,Rubiaceae,Gentianales
774,apg_v14,Huaceae,Huaceae,Oxalidales
775,apg_v14,Huerteaceae,Tapisciaceae,Huerteales
776,apg_v14,Hugoniaceae,Linaceae,Malpighiales
777,apg_v14,Humbertiaceae,Convolvulaceae,Solanales
778,apg_v14,Humiriaceae,Humiriaceae,Malpighiales
779,apg_v14,Humulaceae,Cannabaceae,Rosales
780,apg_v14,Hyacinthaceae,Asparagaceae,Asparagales
781,apg_v14,Hydatellaceae,Hydatellaceae,Nymphaeales
782,apg_v14,Hydnoraceae,Aristolochiaceae,Piperales
783,apg_v14,Hydrangeaceae,Hydrangeaceae,Cornales
784,apg_v14,Hydrastidaceae,Ranunculaceae,Ranunculales
785,apg_v14,Hydrillaceae,Hydrocharitaceae,Alismatales
786,apg_v14,Hydroceraceae,Balsaminaceae,Ericales
787,apg_v14,Hydrocharitaceae,Hydrocharitaceae,Alismatales
788,apg_v14,Hydrocotylaceae,Araliaceae,Apiales
789,apg_v14,Hydrogetonaceae,Potamogetonaceae,Alismatales
790,apg_v14,Hydroleaceae,Hydroleaceae,Solanales
791,apg_v14,Hydropeltidaceae,Cabombaceae,Nymphaeales
792,apg_v14,Hydrophylacaceae,Rubiaceae,Gentianales
793,apg_v14,Hydrophyllaceae,Hydrophyllaceae,Boraginales
794,apg_v14,Hydrostachyaceae,Hydrostachyaceae,Cornales
795,apg_v14,Hymenocardiaceae,Phyllanthaceae,Malpighiales
796,apg_v14,Hymenophyllopsidaceae,Cyatheaceae,Cyatheales
797,apg_v14,Hyoscyamaceae,Solanaceae,Solanales
798,apg_v14,Hypecoaceae,Papaveraceae,Ranunculales
799,apg_v14,Hyperantheraceae,Moringaceae,Brassicales
800,apg_v14,Hypericaceae,Hypericaceae,Malpighiales
801,apg_v14,Hypolepidaceae,Dennstaedtiaceae,Polypodiales
802,apg_v14,Hypopityaceae,Ericaceae,Ericales
803,apg_v14,Hypoxidaceae,Hypoxidaceae,Asparagales
804,apg_v14,Hypseocharitaceae,Geraniaceae,Geraniales
805,apg_v14,Icacinaceae,Icacinaceae,Icacinales
806,apg_v14,Idiospermaceae,Calycanthaceae,Laurales
807,apg_v14,Ilicaceae,Aquifoliaceae,Aquifoliales
808,apg_v14,Illecebraceae,Caryophyllaceae,Caryophyllales
809,apg_v14,Illiciaceae,Schisandraceae,Austrobaileyales
810,apg_v14,Illigeraceae,Hernandiaceae,Laurales
811,apg_v14,Impatientaceae,Balsaminaceae,Ericales
812,apg_v14,Imperatoriaceae,Apiaceae,Apiales
813,apg_v14,Inocarpaceae,Fabaceae,Fabales
814,apg_v14,Inulaceae,Asteraceae,Asterales
815,apg_v14,Iodaceae,Icacinaceae,Icacinales
816,apg_v14,Ionidiaceae,Violaceae,Malpighiales
817,apg_v14,Iriarteaceae,Arecaceae,Arecales
818,apg_v14,Iridaceae,Iridaceae,Asparagales
819,apg_v14,Irvingiaceae,Irvingiaceae,Malpighiales
820,apg_v14,Isatidaceae,Brassicaceae,Brassicales
821,apg_v14,Isnardiaceae,Onagraceae,Myrtales
822,apg_v14,Isoëtaceae,Isoëtaceae,Lycopodiales
823,apg_v14,Isophysidaceae,Iridaceae,Asparagales
824,apg_v14,Iteaceae,Iteaceae,Saxifragales
825,apg_v14,Ivaceae,Asteraceae,Asterales
826,apg_v14,Ixerbaceae,Strasburgeriaceae,Crossosomatales
827,apg_v14,Ixiaceae,Iridaceae,Asparagales
828,apg_v14,Ixioliriaceae,Ixioliriaceae,Asparagales
829,apg_v14,Ixonanthaceae,Ixonanthaceae,Malpighiales
830,apg_v14,Jalapaceae,Nyctaginaceae,Caryophyllales
831,apg_v14,Jamboliferaceae,Rutaceae,Sapindales
832,apg_v14,Japonoliriaceae,Petrosaviaceae,Petrosaviales
833,apg_v14,Jasionaceae,Campanulaceae,Asterales
834,apg_v14,Jasminiaceae,Oleaceae,Lamiales
835,apg_v14,Johnsoniaceae,Asphodelaceae,Asparagales
836,apg_v14,Joinvilleaceae,Joinvilleaceae,Poales
837,apg_v14,Juglandaceae,Juglandaceae,Fagales
838,apg_v14,Julianiaceae,Anacardiaceae,Sapindales
839,apg_v14,Juncaceae,Juncaceae,Poales
840,apg_v14,Juncaginaceae,Juncaginaceae,Alismatales
841,apg_v14,Juniperaceae,Cupressaceae,Cupressales
842,apg_v14,Jussiaeaceae,Onagraceae,Myrtales
843,apg_v14,Justiciaceae,Acanthaceae,Lamiales
844,apg_v14,Kadsuraceae,Schisandraceae,Austrobaileyales
845,apg_v14,Kaliphoraceae,Montiniaceae,Solanales
846,apg_v14,Kalmiaceae,Ericaceae,Ericales
847,apg_v14,Kaniaceae,Myrtaceae,Myrtales
848,apg_v14,Kasicarpaceae,Kasicarpaceae,"fossil Sarbaicarpales, ??near ""Hamamelidales"""
849,apg_v14,Kewaceae,Kewaceae,Caryophyllales
850,apg_v14,Kiggelariaceae,Achariaceae,Malpighiales
851,apg_v14,Kingdoniaceae,Circaeasteraceae,Ranunculales
852,apg_v14,Kingiaceae,Dasypogonaceae,Arecales
853,apg_v14,Kirengeshomaceae,Hydrangeaceae,Cornales
854,apg_v14,Kirkiaceae,Kirkiaceae,Sapindales
855,apg_v14,Kobresiaceae,Cyperaceae,Poales
856,apg_v14,Koeberliniaceae,Koeberliniaceae,Brassicales
857,apg_v14,Koelreuteriaceae,Sapindaceae,Sapindales
858,apg_v14,Krameriaceae,Krameriaceae,Zygophyllales
859,apg_v14,Labiatae,Labiatae,Lamiales
860,apg_v14,Lacandoniaceae,Triuridaceae,Pandanales
861,apg_v14,Lachenaliaceae,Asparagaceae,Asparagales
862,apg_v14,Lacistemataceae,Lacistemataceae,Malpighiales
863,apg_v14,Lactoridaceae,Aristolochiaceae,Piperales
864,apg_v14,Lactucaceae,Asteraceae,Asterales
865,apg_v14,Lagerstroemiaceae,Lythraceae,Myrtales
866,apg_v14,Lagoeciaceae,Apiaceae,Apiales
867,apg_v14,Laguraceae,Poaceae,Poales
868,apg_v14,Lamiaceae,Lamiaceae,Lamiales
869,apg_v14,Lanariaceae,Lanariaceae,Asparagales
870,apg_v14,Langsdorffiaceae,Balanophoraceae,Santalales
871,apg_v14,Lantanaceae,Verbenaceae,Lamiales
872,apg_v14,Lapageriaceae,Philesiaceae,Liliales
873,apg_v14,Lardizabalaceae,Lardizabalaceae,Ranunculales
874,apg_v14,Lasiaceae,Araceae,Alismatales
875,apg_v14,Lasiopetalaceae,Malvaceae,Malvales
876,apg_v14,Lauraceae,Lauraceae,Laurales
877,apg_v14,Lawsoniaceae,Lythraceae,Myrtales
878,apg_v14,Laxmanniaceae,Asparagaceae,Asparagales
879,apg_v14,Lecythidaceae,Lecythidaceae,Ericales
880,apg_v14,Ledaceae,Ericaceae,Ericales
881,apg_v14,Ledocarpaceae,Francoaceae,Geraniales
882,apg_v14,Leeaceae,Vitaceae,Vitales
883,apg_v14,Legnotidaceae,Rhizophoraceae,Malpighiales
884,apg_v14,Leguminosae,Fabaceae,Fabales
885,apg_v14,Leitneriaceae,Simaroubaceae,Sapindales
886,apg_v14,Lemnaceae,Araceae,Alismatales
887,apg_v14,Lennoaceae,Ehretiaceae,Boraginales
888,apg_v14,Lentibulariaceae,Lentibulariaceae,Lamiales
889,apg_v14,Lentiscaceae,Anacardiaceae,Sapindales
890,apg_v14,Leoniaceae,Violaceae,Malpighiales
891,apg_v14,Leonticaceae,Berberidaceae,Ranunculales
892,apg_v14,Lepidobotryaceae,Lepidobotryaceae,Celastrales
893,apg_v14,Lepidocarpaceae,Proteaceae,Proteales
894,apg_v14,Lepidocaryaceae,Arecaceae,Arecales
895,apg_v14,Lepidocerataceae,Santalaceae,Santalales
896,apg_v14,Lepidothamnaceae,Podocarpaceae,Cupressales
897,apg_v14,Leptaulaceae,Cardiopteridaceae,Aquifoliales
898,apg_v14,Leptospermaceae,Myrtaceae,Myrtales
899,apg_v14,Lepturaceae,Poaceae,Poales
900,apg_v14,Lepuropetalaceae,Celastraceae,Celastrales
901,apg_v14,Leucojaceae,Amaryllidaceae,Asparagales
902,apg_v14,Leuctenbergiaceae,Cactaceae,Caryophyllales
903,apg_v14,Libocedraceae,Cupressaceae,Cupressales
904,apg_v14,Licaniaceae,Chrysobalanaceae,Malpighiales
905,apg_v14,Ligustraceae,Oleaceae,Lamiales
906,apg_v14,Lilaeaceae,Juncaginaceae,Alismatales
907,apg_v14,Liliaceae,Liliaceae,Liliales
908,apg_v14,Limeaceae,Limeaceae,Caryophyllales
909,apg_v14,Limnanthaceae,Limnanthaceae,Brassicales
910,apg_v14,Limnnopityaceae,Cupressaceae,Cupressales
911,apg_v14,Limnocharitaceae,Alismataceae,Alismatales
912,apg_v14,Limodoraceae,Orchidaceae,Asparagales
913,apg_v14,Limoniaceae,Plumbaginaceae,Caryophyllales
914,apg_v14,Limosellaceae,Scrophulariaceae,Lamiales
915,apg_v14,Linaceae,Linaceae,Malpighiales
916,apg_v14,Linariaceae,Plantaginaceae,Lamiales
917,apg_v14,Lindenbergiaceae,Orobanchaceae,Lamiales
918,apg_v14,Linderniaceae,Linderniaceae,Lamiales
919,apg_v14,Lindleyaceae,Rosaceae,Rosales
920,apg_v14,Linnaeaceae,Caprifoliaceae,Dipsacales
921,apg_v14,Liparidaceae,Orchidaceae,Asparagales
922,apg_v14,Lippayaceae,Rubiaceae,Gentianales
923,apg_v14,Liriaceae,Liliaceae,Liliales
924,apg_v14,Liriodendraceae,Magnoliaceae,Magnoliales
925,apg_v14,Lissocarpaceae,Ebenaceae,Ericales
926,apg_v14,Littorellaceae,Plantaginaceae,Lamiales
927,apg_v14,Loasaceae,Loasaceae,Cornales
928,apg_v14,Lobeliaceae,Campanulaceae,Asterales
929,apg_v14,Loganiaceae,Loganiaceae,Gentianales
930,apg_v14,Loliaceae,Poaceae,Poales
931,apg_v14,Lomandraceae,Asparagaceae,Asparagales
932,apg_v14,Loniceraceae,Caprifoliaceae,Dipsacales
933,apg_v14,Lopeziaceae,Onagraceae,Myrtales
934,apg_v14,Lophiocarpaceae,Lophiocarpaceae,Caryophyllales
935,apg_v14,Lophiolaceae,Nartheciaceae,Dioscoreales
936,apg_v14,Lophiraceae,Ochnaceae,Malpighiales
937,apg_v14,Lophophytaceae,Balanophoraceae,Santalales
938,apg_v14,Lophopyxidaceae,Lophopyxidaceae,Malpighiales
939,apg_v14,Lophosoriaceae,Dicksoniaceae,Cyatheales
940,apg_v14,Loranthaceae,Loranthaceae,Santalales
941,apg_v14,Lotaceae,Fabaceae,Fabales
942,apg_v14,Lowiaceae,Lowiaceae,Zingiberales
943,apg_v14,Loxogrammaceae,Polypodiaceae,Polypodiales (Eupolypod I)
944,apg_v14,Lupulaceae,Cannabaceae,Rosales
945,apg_v14,Luxemburgiaceae,Ochnaceae,Malpighiales
946,apg_v14,Luzuriagaceae,Alstroemeriaceae,Liliales
947,apg_v14,Lychnidaceae,Caryophyllaceae,Caryophyllales
948,apg_v14,Lyciaceae,Solanaceae,Solanales
949,apg_v14,Lycopodiaceae,Lycopodiaceae,Lycopodiales
950,apg_v14,Lyginiaceae,Restionaceae,Poales
951,apg_v14,Lygodisodeaceae,Rubiaceae,Gentianales
952,apg_v14,Lysimachiaceae,Primulaceae,Ericales
953,apg_v14,Lythraceae,Lythraceae,Myrtales
954,apg_v14,Macarisiaceae,Rhizophoraceae,Malpighiales
955,apg_v14,Macarthuriaceae,Macarthuriaceae,Caryophyllales
956,apg_v14,Mackinlayaceae,Apiaceae,Apiales
957,apg_v14,Madiaceae,Asteraceae,Asterales
958,apg_v14,Maesaceae,Primulaceae,Ericales
959,apg_v14,Magnoliaceae,Magnoliaceae,Magnoliales
960,apg_v14,Malaceae,Rosaceae,Rosales
961,apg_v14,Malesherbiaceae,Passifloraceae,Malpighiales
962,apg_v14,Malortieaceae,Arecaceae,Arecales
963,apg_v14,Malpighiaceae,Malpighiaceae,Malpighiales
964,apg_v14,Malvaceae,Malvaceae,Malvales
965,apg_v14,Mangiaceae,Rhizophoraceae,Malpighiales
966,apg_v14,Manicariaceae,Arecaceae,Arecales
967,apg_v14,Mansoniaceae,Malvaceae,Malvales
968,apg_v14,Mapaniaceae,Cyperaceae,Poales
969,apg_v14,Marantaceae,Marantaceae,Zingiberales
970,apg_v14,Marathraceae,Podostemaceae,Malpighiales
971,apg_v14,Marcgraviaceae,Marcgraviaceae,Ericales
972,apg_v14,Martyniaceae,Martyniaceae,Lamiales
973,apg_v14,Mastixiaceae,Nyssaceae,Cornales
974,apg_v14,Matricariaceae,Asteraceae,Asterales
975,apg_v14,Maundiaceae,Maundiaceae,Alismatales
976,apg_v14,Mayacaceae,Mayacaceae,Poales
977,apg_v14,Mazaceae,Mazaceae,Lamiales
978,apg_v14,Medeolaceae,Liliaceae,Liliales
979,apg_v14,Medusagynaceae,Ochnaceae,Malpighiales
980,apg_v14,Medusandraceae,Peridiscaceae,Saxifragales
981,apg_v14,Melaleucaceae,Myrtaceae,Myrtales
982,apg_v14,Melampyraceae,Orobanchaceae,Lamiales
983,apg_v14,Melanophyllaceae,Torricelliaceae,Apiales
984,apg_v14,Melanthiaceae,Melanthiaceae,Liliales
985,apg_v14,Melastomataceae,Melastomataceae,Myrtales
986,apg_v14,Meliaceae,Meliaceae,Sapindales
987,apg_v14,Melianthaceae,Greyiaceae,Geraniales
988,apg_v14,Melicaceae,Poaceae,Poales
989,apg_v14,Meliosmaceae,Sabiaceae,Proteales
990,apg_v14,Melittidaceae,Lamiaceae,Lamiales
991,apg_v14,Melochiaceae,Malvaceae,Malvales
992,apg_v14,Memecylaceae,Melastomataceae,Myrtales
993,apg_v14,Mendonciaceae,Acanthaceae,Lamiales
994,apg_v14,Menispermaceae,Menispermaceae,Ranunculales
995,apg_v14,Menthaceae,Lamiaceae,Lamiales
996,apg_v14,Menyanthaceae,Menyanthaceae,Asterales
997,apg_v14,Menzieziaceae,Ericaceae,Ericales
998,apg_v14,Mercurialaceae,Euphorbiaceae,Malpighiales
999,apg_v14,Merenderaceae,Colchicaceae,Liliales
1000,apg_v14,Mesembryaceae,Aizoaceae,Caryophyllales
1001,apg_v14,Mesembryanthemaceae,Aizoaceae,Caryophyllales
1002,apg_v14,Mespilaceae,Rosaceae,Rosales
1003,apg_v14,Metasequioaceae,Cupressaceae,Cupressales
1004,apg_v14,Metteniusaceae,Metteniusaceae,Metteniusales
1005,apg_v14,Meyeniaceae,Acanthaceae,Lamiales
1006,apg_v14,Miconiaceae,Melastomataceae,Myrtales
1007,apg_v14,Micrantheaceae,Picrodendraceae,Malpighiales
1008,apg_v14,Microbiotaceae,Cupressaceae,Cupressales
1009,apg_v14,Microcachrydaceae,Podocarpaceae,Cupressales
1010,apg_v14,Microcycadaceae,Zamiaceae,Cycadales
1011,apg_v14,Microstrobaceae,Podocarpaceae,Cupressales
1012,apg_v14,Microteaceae,Microteaceae,Caryophyllales
1013,apg_v14,Miliaceae,Poaceae,Poales
1014,apg_v14,Milulaceae,Amaryllidaceae,Asparagales
1015,apg_v14,Mimosaceae,Fabaceae,Fabales
1016,apg_v14,Minuartiaceae,Caryophyllaceae,Caryophyllales
1017,apg_v14,Mirabilidaceae,Nyctaginaceae,Caryophyllales
1018,apg_v14,Misodendraceae,Misodendraceae,Santalales
1019,apg_v14,Mitrastemonaceae,Mitrastemonaceae,Ericales
1020,apg_v14,Miyoshiaceae,Petrosaviaceae,Petrosaviales
1021,apg_v14,Modeccaceae,Passifloraceae,Malpighiales
1022,apg_v14,Molluginaceae,Molluginaceae,Caryophyllales
1023,apg_v14,Monardaceae,Lamiaceae,Lamiales
1024,apg_v14,Monimiaceae,Monimiaceae,Laurales
1025,apg_v14,Monodoraceae,Annonaceae,Magnoliales
1026,apg_v14,Monotaceae,Dipterocarpaceae,Malvales
1027,apg_v14,Monotropaceae,Ericaceae,Ericales
1028,apg_v14,Monsteraceae,Araceae,Alismatales
1029,apg_v14,Montiaceae,Montiaceae,Caryophyllales
1030,apg_v14,Montiniaceae,Montiniaceae,Solanales
1031,apg_v14,Montsechiaceae,Montsechiaceae,Ceratophyllales
1032,apg_v14,Moraceae,Moraceae,Rosales
1033,apg_v14,Moreniaceae,Arecaceae,Arecales
1034,apg_v14,Morinaceae,Caprifoliaceae,Dipsacales
1035,apg_v14,Moringaceae,Moringaceae,Brassicales
1036,apg_v14,Mouririaceae,Melastomataceae,Myrtales
1037,apg_v14,Moutabeaceae,Polygalaceae,Fabales
1038,apg_v14,Muntingiaceae,Muntingiaceae,Malvales
1039,apg_v14,Musaceae,Musaceae,Zingiberales
1040,apg_v14,Mutisiaceae,Asteraceae,Asterales
1041,apg_v14,Myodocarpaceae,Myodocarpaceae,Apiales
1042,apg_v14,Myoporaceae,Scrophulariaceae,Lamiales
1043,apg_v14,Myricaceae,Myricaceae,Fagales
1044,apg_v14,Myriophyllaceae,Haloragaceae,Saxifragales
1045,apg_v14,Myristicaceae,Myristicaceae,Magnoliales
1046,apg_v14,Myrobalanaceae,Combretaceae,Myrtales
1047,apg_v14,Myrothamnaceae,Myrothamnaceae,Gunnerales
1048,apg_v14,Myrrhiniaceae,Myrtaceae,Myrtales
1049,apg_v14,Myrsinaceae,Primulaceae,Ericales
1050,apg_v14,Myrtaceae,Myrtaceae,Myrtales
1051,apg_v14,Mystropetalaceae,Balanophoraceae,Santalales
1052,apg_v14,Nageiaceae,Podocarpaceae,Cupressales
1053,apg_v14,Najadaceae,Hydrocharitaceae,Alismatales
1054,apg_v14,Namaceae,Namaceae,Boraginales
1055,apg_v14,Nandinaceae,Berberidaceae,Ranunculales
1056,apg_v14,Nanodeaceae,Santalaceae,Santalales
1057,apg_v14,Napoleonaeaceae,Lecythidaceae,Ericales
1058,apg_v14,Narcissaceae,Amaryllidaceae,Asparagales
1059,apg_v14,Nardaceae,Poaceae,Poales
1060,apg_v14,Nartheciaceae,Nartheciaceae,Dioscoreales
1061,apg_v14,Nassauviaceae,Asteraceae,Asterales
1062,apg_v14,Naucleaceae,Rubiaceae,Gentianales
1063,apg_v14,Nectaropetalaceae,Erythroxylaceae,Malpighiales
1064,apg_v14,Negripteridaceae,Pteridaceae,Polypodiales
1065,apg_v14,Neilliaceae,Rosaceae,Rosales
1066,apg_v14,Nelsoniaceae,Acanthaceae,Lamiales
1067,apg_v14,Nelumbonaceae,Nelumbonaceae,Proteales
1068,apg_v14,Nemacladaceae,Campanulaceae,Asterales
1069,apg_v14,Neocallitropsidaceae,Cupressaceae,Cupressales
1070,apg_v14,Neottiaceae,Orchidaceae,Asparagales
1071,apg_v14,Nepenthaceae,Nepenthaceae,Caryophyllales
1072,apg_v14,Nepetaceae,Lamiaceae,Lamiales
1073,apg_v14,Nesogenaceae,Orobanchaceae,Lamiales
1074,apg_v14,Neuradaceae,Neuradaceae,Malvales
1075,apg_v14,Neuwiediaceae,Orchidaceae,Asparagales
1076,apg_v14,Nhandirobaceae,Cucurbitaceae,Cucurbitales
1077,apg_v14,Nicotianaceae,Solanaceae,Solanales
1078,apg_v14,Nigellaceae,Ranunculaceae,Ranunculales
1079,apg_v14,Nitrariaceae,Nitrariaceae,Sapindales
1080,apg_v14,Nolanaceae,Solanaceae,Solanales
1081,apg_v14,Nolinaceae,Asparagaceae,Asparagales
1082,apg_v14,Nonateliaceae,Rubiaceae,Gentianales
1083,apg_v14,Nopaleaceae,Cactaceae,Caryophyllales
1084,apg_v14,Noranteaceae,Marcgraviaceae,Ericales
1085,apg_v14,Nothofagaceae,Nothofagaceae,Fagales
1086,apg_v14,Nupharaceae,Nymphaeaceae,Nymphaeales
1087,apg_v14,Nuytsiaceae,Loranthaceae,Santalales
1088,apg_v14,Nyctaginaceae,Nyctaginaceae,Caryophyllales
1089,apg_v14,Nyctanthaceae,Oleaceae,Lamiales
1090,apg_v14,Nymphaeaceae,Nymphaeaceae,Nymphaeales
1091,apg_v14,Nypaceae,Arecaceae,Arecales
1092,apg_v14,Nyssaceae,Nyssaceae,Cornales
1093,apg_v14,Obolariaceae,Gentianaceae,Gentianales
1094,apg_v14,Ochnaceae,Ochnaceae,Malpighiales
1095,apg_v14,Ochranthaceae,Staphyleaceae,Crossosomatales
1096,apg_v14,Octoknemaceae,Octoknemaceae,Santalales
1097,apg_v14,Oenotheraceae,Onagraceae,Myrtales
1098,apg_v14,Oftiaceae,Scrophulariaceae,Lamiales
1099,apg_v14,Olacaceae,Olacaceae,Santalales
1100,apg_v14,Oleaceae,Oleaceae,Lamiales
1101,apg_v14,Oliniaceae,Penaeaceae,Myrtales
1102,apg_v14,Olyraceae,Poaceae,Poales
1103,apg_v14,Onagraceae,Onagraceae,Myrtales
1104,apg_v14,Oncothecaceae,Oncothecaceae,Icacinales
1105,apg_v14,Onosmaceae,Boraginaceae,Boraginales
1106,apg_v14,Operculariaceae,Rubiaceae,Gentianales
1107,apg_v14,Ophiopogonaceae,Asparagaceae,Asparagales
1108,apg_v14,Ophioxylaceae,Apocynaceae,Gentianales
1109,apg_v14,Ophiraceae,Grubbiaceae,Cornales
1110,apg_v14,Ophiuraceae,Poaceae,Poales
1111,apg_v14,Ophrydaceae,Orchidaceae,Asparagales
1112,apg_v14,Opiliaceae,Opiliaceae,Santalales
1113,apg_v14,Oporanthaceae,Amaryllidaceae,Asparagales
1114,apg_v14,Opuntiaceae,Cactaceae,Caryophyllales
1115,apg_v14,Orchidaceae,Orchidaceae,Asparagales
1116,apg_v14,Ornithogalaceae,Asparagaceae,Asparagales
1117,apg_v14,Ornithrophaceae,Cunoniaceae,Oxalidales
1118,apg_v14,Orobanchaceae,Orobanchaceae,Lamiales
1119,apg_v14,Orontiaceae,Araceae,Alismatales
1120,apg_v14,Ortegaceae,Caryophyllaceae,Caryophyllales
1121,apg_v14,Oryzaceae,Poaceae,Poales
1122,apg_v14,Osyridaceae,Santalaceae,Santalales
1123,apg_v14,Oxalidaceae,Oxalidaceae,Oxalidales
1124,apg_v14,Oxycladaceae,Plantaginaceae,Lamiales
1125,apg_v14,Oxycoccaceae,Ericaceae,Ericales
1126,apg_v14,Oxystylidaceae,Cleomaceae,Brassicales
1127,apg_v14,Pachysandraceae,Buxaceae,Buxales
1128,apg_v14,Pacouriaceae,Apocynaceae,Gentianales
1129,apg_v14,Paeoniaceae,Paeoniaceae,Saxifragales
1130,apg_v14,Pagamaeaceae,Rubiaceae,Gentianales
1131,apg_v14,Paivaeusaceae,Picrodendraceae,Malpighiales
1132,apg_v14,Palmae,Palmae,Arecales
1133,apg_v14,Pancratiaceae,Amaryllidaceae,Asparagales
1134,apg_v14,Pandaceae,Pandaceae,Malpighiales
1135,apg_v14,Pandanaceae,Pandanaceae,Pandanales
1136,apg_v14,Pangiaceae,Achariaceae,Malpighiales
1137,apg_v14,Panicaceae,Poaceae,Poales
1138,apg_v14,Papaveraceae,Papaveraceae,Ranunculales
1139,apg_v14,Papayaceae,Caricaceae,Brassicales
1140,apg_v14,Papilionaceae,Fabaceae,Fabales
1141,apg_v14,Pappophoraceae,Poaceae,Poales
1142,apg_v14,Papyraceae,Cyperaceae,Poales
1143,apg_v14,Paracryphiaceae,Paracryphiaceae,Paracryphiales
1144,apg_v14,Parasitaxaceae,Podocarpaceae,Cupressales
1145,apg_v14,Parianaceae,Poaceae,Poales
1146,apg_v14,Paridaceae,Melanthiaceae,Liliales
1147,apg_v14,Parkeriaceae,Pteridaceae,Polypodiales
1148,apg_v14,Parnassiaceae,Celastraceae,Celastrales
1149,apg_v14,Paronychiaceae,Caryophyllaceae,Caryophyllales
1150,apg_v14,Paropsiaceae,Passifloraceae,Malpighiales
1151,apg_v14,Parrotiaceae,Hamamelidaceae,Saxifragales
1152,apg_v14,Partheniaceae,Asteraceae,Asterales
1153,apg_v14,Paspalaceae,Poaceae,Poales
1154,apg_v14,Passifloraceae,Passifloraceae,Malpighiales
1155,apg_v14,Pastinacaceae,Apiaceae,Apiales
1156,apg_v14,Paulliniaceae,Sapindaceae,Sapindales
1157,apg_v14,Paulowniaceae,Paulowniaceae,Lamiales
1158,apg_v14,Paviaceae,Sapindaceae,Sapindales
1159,apg_v14,Pectiantiaceae,Saxifragaceae,Saxifragales
1160,apg_v14,Pedaliaceae,Pedaliaceae,Lamiales
1161,apg_v14,Pedicularidaceae,Orobanchaceae,Lamiales
1162,apg_v14,Peganaceae,Nitrariaceae,Sapindales
1163,apg_v14,Peliosanthaceae,Asparagaceae,Asparagales
1164,apg_v14,Pellicieraceae,Tetrameristaceae,Ericales
1165,apg_v14,Peltantheraceae,Peltantheraceae,Lamiales
1166,apg_v14,Penaeaceae,Penaeaceae,Myrtales
1167,apg_v14,Pennantiaceae,Pennantiaceae,Apiales
1168,apg_v14,Pentadiplandraceae,Pentadiplandraceae,Brassicales
1169,apg_v14,Pentapetaceae,Malvaceae,Malvales
1170,apg_v14,Pentaphragmataceae,Pentaphragmataceae,Asterales
1171,apg_v14,Pentaphylacaceae,Pentaphylacaceae,Ericales
1172,apg_v14,Pentastemonaceae,Stemonaceae,Pandanales
1173,apg_v14,Penthoraceae,Penthoraceae,Saxifragales
1174,apg_v14,Peperomiaceae,Piperaceae,Piperales
1175,apg_v14,Peraceae,Peraceae,Malpighiales
1176,apg_v14,Peranemataceae,Dryopteridaceae,Polypodiales (Eupolypod I)
1177,apg_v14,Perdiciaceae,Asteraceae,Asterales
1178,apg_v14,Peridiscaceae,Peridiscaceae,Saxifragales
1179,apg_v14,Periplocaceae,Apocynaceae,Gentianales
1180,apg_v14,Peripterygiaceae,Cardiopteridaceae,Aquifoliales
1181,apg_v14,Perseaceae,Lauraceae,Laurales
1182,apg_v14,Persicariaceae,Polygonaceae,Caryophyllales
1183,apg_v14,Petenaeaceae,Petenaeaceae,Huerteales
1184,apg_v14,Petermanniaceae,Petermanniaceae,Liliales
1185,apg_v14,Petiveriaceae,Petiveriaceae,Caryophyllales
1186,apg_v14,Petreaceae,Verbenaceae,Lamiales
1187,apg_v14,Petrosaviaceae,Petrosaviaceae,Petrosaviales
1188,apg_v14,Phalaridaceae,Poaceae,Poales
1189,apg_v14,Phaleriaceae,Thymelaeaceae,Malvales
1190,apg_v14,Pharaceae,Poaceae,Poales
1191,apg_v14,Pharnaceaceae,Molluginaceae,Caryophyllales
1192,apg_v14,Phaseolaceae,Fabaceae,Fabales
1193,apg_v14,Phellinaceae,Phellinaceae,Asterales
1194,apg_v14,Phelypaeaceae,Orobanchaceae,Lamiales
1195,apg_v14,Pherosphaeraceae,Podocarpaceae,Cupressales
1196,apg_v14,Philadelphaceae,Hydrangeaceae,Cornales
1197,apg_v14,Philesiaceae,Philesiaceae,Liliales
1198,apg_v14,Philippodendraceae,Malvaceae,Malvales
1199,apg_v14,Philocrenaceae,Podostemaceae,Malpighiales
1200,apg_v14,Philodendraceae,Araceae,Alismatales
1201,apg_v14,Philydraceae,Philydraceae,Commelinales
1202,apg_v14,Phleaceae,Poaceae,Poales
1203,apg_v14,Phoenicaceae,Arecaceae,Arecales
1204,apg_v14,Phoradendraceae,Santalaceae,Santalales
1205,apg_v14,Phormiaceae,Asphodelaceae,Asparagales
1206,apg_v14,Phrymaceae,Phrymaceae,Lamiales
1207,apg_v14,Phylicaceae,Rhamnaceae,Rosales
1208,apg_v14,Phyllanthaceae,Phyllanthaceae,Malpighiales
1209,apg_v14,Phyllocladaceae,Podocarpaceae,Cupressales
1210,apg_v14,Phyllonomaceae,Phyllonomaceae,Aquifoliales
1211,apg_v14,Physenaceae,Physenaceae,Caryophyllales
1212,apg_v14,Phytelephaceae,Arecaceae,Arecales
1213,apg_v14,Phytocrenaceae,Icacinaceae,Icacinales
1214,apg_v14,Phytolaccaceae,Phytolaccaceae,Caryophyllales
1215,apg_v14,Piceaceae,Pinaceae,Pinales
1216,apg_v14,Picramniaceae,Picramniaceae,Picramniales
1217,apg_v14,Picridaceae,Asteraceae,Asterales
1218,apg_v14,Picrodendraceae,Picrodendraceae,Malpighiales
1219,apg_v14,Pilgerodendraceae,Cupressaceae,Cupressales
1220,apg_v14,Pilocarpaceae,Rutaceae,Sapindales
1221,apg_v14,Pilulariaceae,Marsileaceae,Marsileales
1222,apg_v14,Pimpinellaceae,Apiaceae,Apiales
1223,apg_v14,Pinaceae,Pinaceae,Pinales
1224,apg_v14,Pinguiculaceae,Lentibulariaceae,Lamiales
1225,apg_v14,Piperaceae,Piperaceae,Piperales
1226,apg_v14,Piriquetaceae,Passifloraceae,Malpighiales
1227,apg_v14,Pisoniaceae,Nyctaginaceae,Caryophyllales
1228,apg_v14,Pistaciaceae,Anacardiaceae,Sapindales
1229,apg_v14,Pistiaceae,Araceae,Alismatales
1230,apg_v14,Pittosporaceae,Pittosporaceae,Apiales
1231,apg_v14,Plagianthaceae,Malvaceae,Malvales
1232,apg_v14,Plagiogyraceae,Plagiogyraceae,Cyatheales
1233,apg_v14,Plagiopteraceae,Celastraceae,Celastrales
1234,apg_v14,Plantaginaceae,Plantaginaceae,Lamiales
1235,apg_v14,Platanaceae,Platanaceae,Proteales
1236,apg_v14,Platycaryaceae,Juglandaceae,Fagales
1237,apg_v14,Platyceriaceae,Polypodiaceae,Polypodiales (Eupolypod I)
1238,apg_v14,Platycladaceae,Cupressaceae,Cupressales
1239,apg_v14,Platyspermataceae,Alseuosmiaceae,Asterales
1240,apg_v14,Platystemonaceae,Papaveraceae,Ranunculales
1241,apg_v14,Platyzomataceae,Pteridaceae,Polypodiales
1242,apg_v14,Plectroniaceae,Penaeaceae,Myrtales
1243,apg_v14,Pleurisanthaceae,Icacinaceae,Icacinales
1244,apg_v14,Pleurisoriopsidaceae,Polypodiaceae,Polypodiales (Eupolypod I)
1245,apg_v14,Plocospermataceae,Plocospermataceae,Lamiales
1246,apg_v14,Plumbaginaceae,Plumbaginaceae,Caryophyllales
1247,apg_v14,Plumeriaceae,Apocynaceae,Gentianales
1248,apg_v14,Poaceae,Poaceae,Poales
1249,apg_v14,Podoaceae,Anacardiaceae,Sapindales
1250,apg_v14,Podocarpaceae,Podocarpaceae,Cupressales
1251,apg_v14,Podophyllaceae,Berberidaceae,Ranunculales
1252,apg_v14,Podostemaceae,Podostemaceae,Malpighiales
1253,apg_v14,Polemoniaceae,Polemoniaceae,Ericales
1254,apg_v14,Poliothyrsidaceae,Salicaceae,Malpighiales
1255,apg_v14,Polpodaceae,Molluginaceae,Caryophyllales
1256,apg_v14,Polycarpaeaceae,Caryophyllaceae,Caryophyllales
1257,apg_v14,Polycnemaceae,Amaranthaceae,Caryophyllales
1258,apg_v14,Polygalaceae,Polygalaceae,Fabales
1259,apg_v14,Polygonaceae,Polygonaceae,Caryophyllales
1260,apg_v14,Polygonanthaceae,Anisophylleaceae,Cucurbitales
1261,apg_v14,Polygonataceae,Asparagaceae,Asparagales
1262,apg_v14,Polyosmaceae,Escalloniaceae,Escalloniales
1263,apg_v14,Polypremaceae,Tetrachondraceae,Lamiales
1264,apg_v14,Pontederiaceae,Pontederiaceae,Commelinales
1265,apg_v14,Poranaceae,Convolvulaceae,Solanales
1266,apg_v14,Porantheraceae,Phyllanthaceae,Malpighiales
1267,apg_v14,Portulacaceae,Portulacaceae,Caryophyllales
1268,apg_v14,Portulacariaceae,Didiereaceae,Caryophyllales
1269,apg_v14,Posidoniaceae,Posidoniaceae,Alismatales
1270,apg_v14,Potaliaceae,Gentianaceae,Gentianales
1271,apg_v14,Potamogetonaceae,Potamogetonaceae,Alismatales
1272,apg_v14,Potentillaceae,Rosaceae,Rosales
1273,apg_v14,Poteriaceae,Rosaceae,Rosales
1274,apg_v14,Pothaceae,Araceae,Alismatales
1275,apg_v14,Pottingeriaceae,Celastraceae,Celastrales
1276,apg_v14,Primulaceae,Primulaceae,Ericales
1277,apg_v14,Prioniaceae,Thurniaceae,Poales
1278,apg_v14,Prionotaceae,Ericaceae,Ericales
1279,apg_v14,Prockiaceae,Salicaceae,Malpighiales
1280,apg_v14,Proteaceae,Proteaceae,Proteales
1281,apg_v14,Prumnopityaceae,Podocarpaceae,Cupressales
1282,apg_v14,Prunaceae,Rosaceae,Rosales
1283,apg_v14,Pseliaceae,Menispermaceae,Ranunculales
1284,apg_v14,Pseudanthaceae,Picrodendraceae,Malpighiales
1285,apg_v14,Pseudophoenicaceae,Arecaceae,Arecales
1286,apg_v14,Psiloxylaceae,Myrtaceae,Myrtales
1287,apg_v14,Psittacanthaceae,Loranthaceae,Santalales
1288,apg_v14,Psychotriaceae,Rubiaceae,Gentianales
1289,apg_v14,Psylliaceae,Plantaginaceae,Lamiales
1290,apg_v14,Ptaeroxylaceae,Rutaceae,Sapindales
1291,apg_v14,Pteleaceae,Rutaceae,Sapindales
1292,apg_v14,Pteleocarpaceae,?Gelsemiaceae,Gentianales
1293,apg_v14,Pteridiaceae,Dennstaedtiaceae,Polypodiales
1294,apg_v14,Pteridophyllaceae,Papaveraceae,Ranunculales
1295,apg_v14,Pterisanthaceae,Vitaceae,Vitales
1296,apg_v14,Pterostemonaceae,Iteaceae,Saxifragales
1297,apg_v14,Punicaceae,Lythraceae,Myrtales
1298,apg_v14,Putranjivaceae,Putranjivaceae,Malpighiales
1299,apg_v14,Pycnanthaceae,Orchidaceae,Orchidales
1300,apg_v14,Pyraceae,Rosaceae,Rosales
1301,apg_v14,Pyrolaceae,Pyroloideae,Ericales
1302,apg_v14,Quassiaceae,Simaroubaceae,Sapindales
1303,apg_v14,Quercaceae,Fagaceae,Fagales
1304,apg_v14,Quiinaceae,Ochnaceae,Malpighiales
1305,apg_v14,Quillajaceae,Quillajaceae,Fabales
1306,apg_v14,Quintiniaceae,Paracryphiaceae,Paracryphiales
1307,apg_v14,Rafflesiaceae,Rafflesiaceae,Malpighiales
1308,apg_v14,Ramondaceae,Gesneriaceae,Lamiales
1309,apg_v14,Randiaceae,Rubiaceae,Gentianales
1310,apg_v14,Ranunculaceae,Ranunculaceae,Ranunculales
1311,apg_v14,Ranzaniaceae,Berberidaceae,Ranunculales
1312,apg_v14,Rapateaceae,Rapateaceae,Poales
1313,apg_v14,Raphanaceae,Brassicaceae,Brassicales
1314,apg_v14,Reaumuriaceae,Tamaricaceae,Caryophyllales
1315,apg_v14,Rehmanniaceae,Orobanchaceae,Lamiales
1316,apg_v14,Resedaceae,Resedaceae,Brassicales
1317,apg_v14,Restionaceae,Restionaceae,Poales
1318,apg_v14,Retziaceae,Stilbaceae,Lamiales
1319,apg_v14,Rhabdodendraceae,Rhabdodendraceae,Caryophyllales
1320,apg_v14,Rhamnaceae,Rhamnaceae,Rosales
1321,apg_v14,Rhaptopetalaceae,Lecythidaceae,Ericales
1322,apg_v14,Rhexiaceae,Melastomataceae,Myrtales
1323,apg_v14,Rhinanthaceae,Orobanchaceae,Lamiales
1324,apg_v14,Rhipogonaceae,Rhipogonaceae,Liliales
1325,apg_v14,Rhizophoraceae,Rhizophoraceae,Malpighiales
1326,apg_v14,Rhoaceae,Anacardiaceae,Sapindales
1327,apg_v14,Rhodiolaceae,Crassulaceae,Saxifragales
1328,apg_v14,Rhododendraceae,Ericaceae,Ericales
1329,apg_v14,Rhodolaenaceae,Sarcolaenaceae,Malvales
1330,apg_v14,Rhodoleiaceae,Hamamelidaceae,Saxifragales
1331,apg_v14,Rhodoraceae,Ericaceae,Ericales
1332,apg_v14,Rhodotypaceae,Rosaceae,Rosales
1333,apg_v14,Rhoipteleaceae,Juglandaceae,Fagales
1334,apg_v14,Rhopalocarpaceae,Sphaerosepalaceae,Malvales
1335,apg_v14,Rhynchocalycaceae,Penaeaceae,Myrtales
1336,apg_v14,Rhynchothecaceae,Francoaceae,Geraniales
1337,apg_v14,Ribesiaceae,Grossulariaceae,Saxifragales
1338,apg_v14,Ricinaceae,Euphorbiaceae,Malpighiales
1339,apg_v14,Ricinocarpaceae,Euphorbiaceae,Malpighiales
1340,apg_v14,Rivinaceae,Petiveriaceae,Caryophyllales
1341,apg_v14,Roridulaceae,Roridulaceae,Ericales
1342,apg_v14,Rosaceae,Rosaceae,Rosales
1343,apg_v14,Rousseaceae,Rousseaceae,Asterales
1344,apg_v14,Roxburghiaceae,Stemonaceae,Pandanales
1345,apg_v14,Rubiaceae,Rubiaceae,Gentianales
1346,apg_v14,Rumicaceae,Polygonaceae,Caryophyllales
1347,apg_v14,Ruppiaceae,Ruppiaceae,Alismatales
1348,apg_v14,Ruscaceae,Asparagaceae,Asparagales
1349,apg_v14,Rutaceae,Rutaceae,Sapindales
1350,apg_v14,Sabalaceae,Arecaceae,Arecales
1351,apg_v14,Sabiaceae,Sabiaceae,Proteales
1352,apg_v14,Sabiceaceae,Rubiaceae,Gentianales
1353,apg_v14,Sabulinaceae,Caryophyllaceae,Caryophyllales
1354,apg_v14,Saccharaceae,Poaceae,Poales
1355,apg_v14,Saccifoliaceae,Gentianaceae,Gentianales
1356,apg_v14,Sagaceae,Arecaceae,Arecales
1357,apg_v14,Saginaceae,Caryophyllaceae,Caryophyllales
1358,apg_v14,Sagoneaceae,Hydroleaceae,Solanales
1359,apg_v14,Salaciaceae,Celastraceae,Celastrales
1360,apg_v14,Salaxidaceae,Ericaceae,Ericales
1361,apg_v14,Salazariaceae,Lamiaceae,Lamiales
1362,apg_v14,Salicaceae,Salicaceae,Malpighiales
1363,apg_v14,Salicorniaceae,Amaranthaceae,Caryophyllales
1364,apg_v14,Salpiglossidaceae,Solanaceae,Solanales
1365,apg_v14,Salsolaceae,Amaranthaceae,Caryophyllales
1366,apg_v14,Salvadoraceae,Salvadoraceae,Brassicales
1367,apg_v14,Salviaceae,Lamiaceae,Lamiales
1368,apg_v14,Sambucaceae,Viburnaceae,Dipsacales
1369,apg_v14,Samolaceae,Primulaceae,Ericales
1370,apg_v14,Samydaceae,Salicaceae,Malpighiales
1371,apg_v14,Sanguisorbaceae,Rosaceae,Rosales
1372,apg_v14,Saniculaceae,Apiaceae,Apiales
1373,apg_v14,Sansevieriaceae,Asparagaceae,Asparagales
1374,apg_v14,Santalaceae,Santalaceae,Santalales
1375,apg_v14,Santolinaceae,Asteraceae,Asterales
1376,apg_v14,Sapindaceae,Sapindaceae,Sapindales
1377,apg_v14,Sapotaceae,Sapotaceae,Ericales
1378,apg_v14,Sarbaicarpaceae,Sarbaicarpaceae,"fossil near ""Hamamelidales"""
1379,apg_v14,Sarcobataceae,Sarcobataceae,Caryophyllales
1380,apg_v14,Sarcocaceae,Phytolaccaceae,Caryophyllales
1381,apg_v14,Sarcolaenaceae,Sarcolaenaceae,Malvales
1382,apg_v14,Sarcophytaceae,Balanophoraceae,Santalales
1383,apg_v14,Sarcospermataceae,Sapotaceae,Ericales
1384,apg_v14,Sarcostigmataceae,Icacinaceae,Icacinales
1385,apg_v14,Sargentodoxaceae,Lardizabalaceae,Ranunculales
1386,apg_v14,Sarraceniaceae,Sarraceniaceae,Ericales
1387,apg_v14,Saturejaceae,Lamiaceae,Lamiales
1388,apg_v14,Saurauiaceae,Actinidiaceae,Ericales
1389,apg_v14,Saururaceae,Saururaceae,Piperales
1390,apg_v14,Sauvagesiaceae,Ochnaceae,Malpighiales
1391,apg_v14,Saxegothaeaceae,Podocarpaceae,Cupressales
1392,apg_v14,Saxifragaceae,Saxifragaceae,Saxifragales
1393,apg_v14,Scabiosaceae,Caprifoliaceae,Dipsacales
1394,apg_v14,Scaevolaceae,Goodeniaceae,Asterales
1395,apg_v14,Scandicaceae,Apiaceae,Apiales
1396,apg_v14,Scepaceae,Phyllanthaceae,Malpighiales
1397,apg_v14,Scheuchzeriaceae,Scheuchzeriaceae,Alismatales
1398,apg_v14,Schinaceae,Anacardiaceae,Sapindales
1399,apg_v14,Schisandraceae,Schisandraceae,Austrobaileyales
1400,apg_v14,Schizolaenaceae,Sarcolaenaceae,Malvales
1401,apg_v14,Schizopetalaceae,Brassicaceae,Brassicales
1402,apg_v14,Schlegeliaceae,Schlegeliaceae,Lamiales
1403,apg_v14,Schoepfiaceae,Schoepfiaceae,Santalales
1404,apg_v14,Schreberaceae,Oleaceae,Lamiales
1405,apg_v14,Sciadopityaceae,Sciadopityaceae,Cupressales
1406,apg_v14,Scillaceae,Asparagaceae,Asparagales
1407,apg_v14,Scirpaceae,Cyperaceae,Poales
1408,apg_v14,Scleranthaceae,Caryophyllaceae,Caryophyllales
1409,apg_v14,Scleriaceae,Cyperaceae,Poales
1410,apg_v14,Sclerophylacaceae,Solanaceae,Solanales
1411,apg_v14,Scoliopaceae,Streptopoideae,Liliales
1412,apg_v14,Scopariaceae,Plantaginaceae,Lamiales
1413,apg_v14,Scorodocarpaceae,Strombosiaceae,Santalales
1414,apg_v14,Scrophulariaceae,Scrophulariaceae,Lamiales
1415,apg_v14,Scutellariaceae,Lamiaceae,Lamiales
1416,apg_v14,Scybaliaceae,Balanophoraceae,Santalales
1417,apg_v14,Scyphostegiaceae,Salicaceae,Malpighiales
1418,apg_v14,Scytopetalaceae,Lecythidaceae,Ericales
1419,apg_v14,Sebestenaceae,Cordiaceae,Boraginales
1420,apg_v14,Sedaceae,Crassulaceae,Saxifragales
1421,apg_v14,Seguieriaceae,Petiveriaceae,Caryophyllales
1422,apg_v14,Selaginaceae,Scrophulariaceae,Lamiales
1423,apg_v14,Selaginellaceae,Selaginellaceae,Lycopodiales
1424,apg_v14,Selinaceae,Apiaceae,Apiales
1425,apg_v14,Sempervivaceae,Crassulaceae,Saxifragales
1426,apg_v14,Senecionaceae,Asteraceae,Asterales
1427,apg_v14,Sequoiaceae,Cupressaceae,Cupressales
1428,apg_v14,Serratulaceae,Asteraceae,Asterales
1429,apg_v14,Sesamaceae,Pedaliaceae,Lamiales
1430,apg_v14,Sesleriaceae,Poaceae,Poales
1431,apg_v14,Sesuviaceae,Aizoaceae,Caryophyllales
1432,apg_v14,Setchellanthaceae,Setchellanthaceae,Brassicales
1433,apg_v14,Sheadendraceae,Combretaceae,Myrtales
1434,apg_v14,Sibthorpiaceae,Plantaginaceae,Lamiales
1435,apg_v14,Sidaceae,Malvaceae,Malvales
1436,apg_v14,Silenaceae,Caryophyllaceae,Caryophyllales
1437,apg_v14,Sileraceae,Apiaceae,Apiales
1438,apg_v14,Simabaceae,Simaroubaceae,Sapindales
1439,apg_v14,Simaroubaceae,Simaroubaceae,Sapindales
1440,apg_v14,Simmondsiaceae,Simmondsiaceae,Caryophyllales
1441,apg_v14,Sinofranchetiaceae,Lardizabalaceae,Ranunculales
1442,apg_v14,Sinopteridaceae,Pteridaceae,Polypodiales
1443,apg_v14,Siparunaceae,Siparunaceae,Laurales
1444,apg_v14,Siphonanthaceae,Lamiaceae,Lamiales
1445,apg_v14,Siphonodontaceae,Celastraceae,Celastrales
1446,apg_v14,Sisymbriaceae,Brassicaceae,Brassicales
1447,apg_v14,Sladeniaceae,Sladeniaceae,Ericales
1448,apg_v14,Smeathmanniaceae,Passifloraceae,Malpighiales
1449,apg_v14,Smilacaceae,Smilacaceae,Liliales
1450,apg_v14,Smyrniaceae,Apiaceae,Apiales
1451,apg_v14,Solanaceae,Solanaceae,Solanales
1452,apg_v14,Sonneratiaceae,Lythraceae,Myrtales
1453,apg_v14,Soramiaceae,Dilleniaceae,Dilleniales
1454,apg_v14,Sorbaceae,Rosaceae,Rosales
1455,apg_v14,Soulameaceae,Simaroubaceae,Sapindales
1456,apg_v14,Soyauxiaceae,Peridiscaceae,Saxifragales
1457,apg_v14,Sparganiaceae,Typhaceae,Poales
1458,apg_v14,Sparmanniaceae,Malvaceae,Malvales
1459,apg_v14,Spartinaceae,Poaceae,Poales
1460,apg_v14,Spatheliaceae,Rutaceae,Sapindales
1461,apg_v14,Spergulaceae,Caryophyllaceae,Caryophyllales
1462,apg_v14,Spermacoceaceae,Rubiaceae,Gentianales
1463,apg_v14,Sphaerosepalaceae,Sphaerosepalaceae,Malvales
1464,apg_v14,Sphenocleaceae,Sphenocleaceae,Solanales
1465,apg_v14,Sphenostemonaceae,Paracryphiaceae,Paracryphiales
1466,apg_v14,Spigeliaceae,Loganiaceae,Gentianales
1467,apg_v14,Spinaciaceae,Amaranthaceae,Caryophyllales
1468,apg_v14,Spiraeaceae,Rosaceae,Rosales
1469,apg_v14,Spiraeanthemaceae,Cunoniaceae,Oxalidales
1470,apg_v14,Spondiadaceae,Anacardiaceae,Sapindales
1471,apg_v14,Sporobolaceae,Poaceae,Poales
1472,apg_v14,Stachydaceae,Lamiaceae,Lamiales
1473,apg_v14,Stachyuraceae,Stachyuraceae,Crossosomatales
1474,apg_v14,Stackhousiaceae,Celastraceae,Celastrales
1475,apg_v14,Stangeriaceae,Zamiaceae,Cycadales
1476,apg_v14,Stanleyaceae,Brassicaceae,Brassicales
1477,apg_v14,Stapeliaceae,Apocynaceae,Gentianales
1478,apg_v14,Staphyleaceae,Staphyleaceae,Crossosomatales
1479,apg_v14,Staticaceae,Plumbaginaceae,Caryophyllales
1480,apg_v14,Stegnospermataceae,Stegnospermataceae,Caryophyllales
1481,apg_v14,Stellariaceae,Caryophyllaceae,Caryophyllales
1482,apg_v14,Stemonaceae,Stemonaceae,Pandanales
1483,apg_v14,Stemonuraceae,Stemonuraceae,Aquifoliales
1484,apg_v14,Stenomeridaceae,Dioscoreaceae,Dioscoreales
1485,apg_v14,Sterculiaceae,Malvaceae,Malvales
1486,apg_v14,Stilaginaceae,Phyllanthaceae,Malpighiales
1487,apg_v14,Stilbaceae,Stilbaceae,Lamiales
1488,apg_v14,Stipaceae,Poaceae,Poales
1489,apg_v14,Stixidaceae,Resedaceae,Brassicales
1490,apg_v14,Strasburgeriaceae,Strasburgeriaceae,Crossosomatales
1491,apg_v14,Stratiotaceae,Hydrocharitaceae,Alismatales
1492,apg_v14,Strelitziaceae,Strelitziaceae,Zingiberales
1493,apg_v14,Streptochaetaceae,Poaceae,Poales
1494,apg_v14,Stromatopteridaceae,Gleicheniaceae,Gleicheniales
1495,apg_v14,Strombosiaceae,Strombosiaceae,Santalales
1496,apg_v14,Strumariaceae,Amaryllidaceae,Asparagales
1497,apg_v14,Strychnaceae,Loganiaceae,Gentianales
1498,apg_v14,Stylidiaceae,Stylidiaceae,Asterales
1499,apg_v14,Stylobasiaceae,Surianaceae,Fabales
1500,apg_v14,Stylocerataceae,Buxaceae,Buxales
1501,apg_v14,Stypheliaceae,Ericaceae,Ericales
1502,apg_v14,Styracaceae,Styracaceae,Ericales
1503,apg_v14,Surianaceae,Surianaceae,Fabales
1504,apg_v14,Swartziaceae,Fabaceae,Fabales
1505,apg_v14,Swieteniaceae,Meliaceae,Sapindales
1506,apg_v14,Symphoremataceae,Lamiaceae,Lamiales
1507,apg_v14,Symplocaceae,Symplocaceae,Ericales
1508,apg_v14,Synechanthaceae,Arecaceae,Arecales
1509,apg_v14,Syringaceae,Oleaceae,Lamiales
1510,apg_v14,Taccaceae,Taccaceae,Dioscoreales
1511,apg_v14,Taenitidaceae,Pteridaceae,Polypodiales
1512,apg_v14,Taiwaniaceae,Cupressaceae,Cupressales
1513,apg_v14,Taktajaniaceae,Winteraceae,Canellales
1514,apg_v14,Talinaceae,Talinaceae,Caryophyllales
1515,apg_v14,Tamaceae,Dioscoreaceae,Dioscoreales
1516,apg_v14,Tamaricaceae,Tamaricaceae,Caryophyllales
1517,apg_v14,Tamarindaceae,Fabaceae,Fabales
1518,apg_v14,Tamnaceae,Dioscoreaceae,Dioscoreales
1519,apg_v14,Tanacetaceae,Asteraceae,Asterales
1520,apg_v14,Tapisciaceae,Tapisciaceae,Huerteales
1521,apg_v14,Taxaceae,Taxaceae,Cupressales
1522,apg_v14,Taxodiaceae,Cupressaceae,Cupressales
1523,apg_v14,Tecophilaeaceae,Tecophilaeaceae,Asparagales
1524,apg_v14,Telephiaceae,Caryophyllaceae,Caryophyllales
1525,apg_v14,Tepuianthaceae,Thymelaeaceae,Malvales
1526,apg_v14,Terminaliaceae,Combretaceae,Myrtales
1527,apg_v14,Ternstroemiaceae,Pentaphylacaceae,Ericales
1528,apg_v14,Tetracarpaeaceae,Tetracarpaeaceae,Saxifragales
1529,apg_v14,Tetracentraceae,Trochodendraceae,Trochodendrales
1530,apg_v14,Tetrachondraceae,Tetrachondraceae,Lamiales
1531,apg_v14,Tetraclinaceae,Cupressaceae,Cupressales
1532,apg_v14,Tetradiclidaceae,Nitrariaceae,Sapindales
1533,apg_v14,Tetragoniaceae,Aizoaceae,Caryophyllales
1534,apg_v14,Tetramelaceae,Tetramelaceae,Cucurbitales
1535,apg_v14,Tetrameristaceae,Tetrameristaceae,Ericales
1536,apg_v14,Tetrastylidiaceae,Strombosiaceae,Santalales
1537,apg_v14,Tetrathecaceae,Elaeocarpaceae,Oxalidales
1538,apg_v14,Thalassiaceae,Hydrocharitaceae,Alismatales
1539,apg_v14,Thalictraceae,Ranunculaceae,Ranunculales
1540,apg_v14,Theaceae,Theaceae,Ericales
1541,apg_v14,Theligonaceae,Rubiaceae,Gentianales
1542,apg_v14,Themidaceae,Asparagaceae,Asparagales
1543,apg_v14,Theobromataceae,Malvaceae,Malvales
1544,apg_v14,Theophrastaceae,Primulaceae,Ericales
1545,apg_v14,Thesiaceae,Santalaceae,Santalales
1546,apg_v14,Thismiaceae,Thismiaceae,Dioscoreales
1547,apg_v14,Thlaspiaceae,Brassicaceae,Brassicales
1548,apg_v14,Thoaceae,Gnetaceae,Gnetales
1549,apg_v14,Thomandersiaceae,Thomandersiaceae,Lamiales
1550,apg_v14,Thujaceae,Cupressaceae,Cupressales
1551,apg_v14,Thujopsidaceae,Cupressaceae,Cupressales
1552,apg_v14,Thunbergiaceae,Acanthaceae,Lamiales
1553,apg_v14,Thurniaceae,Thurniaceae,Poales
1554,apg_v14,Thymelaeaceae,Thymelaeaceae,Malvales
1555,apg_v14,Ticodendraceae,Ticodendraceae,Fagales
1556,apg_v14,Tiliaceae,Malvaceae,Malvales
1557,apg_v14,Tillaeaceae,Crassulaceae,Saxifragales
1558,apg_v14,Tillandsiaceae,Bromeliaceae,Poales
1559,apg_v14,Tinaceae,Viburnaceae,Dipsacales
1560,apg_v14,Tithymalaceae,Euphorbiaceae,Malpighiales
1561,apg_v14,Tmesipteridaceae,Psilotaceae,Ophioglossales
1562,apg_v14,Tofieldiaceae,Tofieldiaceae,Alismatales
1563,apg_v14,Tormentillaceae,Rosaceae,Rosales
1564,apg_v14,Torreyaceae,Taxaceae,Cupressales
1565,apg_v14,Torricelliaceae,Torricelliaceae,Apiales
1566,apg_v14,Tovariaceae,Tovariaceae,Brassicales
1567,apg_v14,Tradescantiaceae,Commelinaceae,Commelinales
1568,apg_v14,Tragiaceae,Euphorbiaceae,Malpighiales
1569,apg_v14,Trapaceae,Lythraceae,Myrtales
1570,apg_v14,Trapellaceae,Plantaginaceae,Lamiales
1571,apg_v14,Tremandraceae,Elaeocarpaceae,Oxalidales
1572,apg_v14,Trewiaceae,Euphorbiaceae,Malpighiales
1573,apg_v14,Tribelaceae,Escalloniaceae,Escalloniales
1574,apg_v14,Tribulaceae,Zygophyllaceae,Zygophyllales
1575,apg_v14,Trichomanaceae,Hymenophyllaceae,Hymenophyllales
1576,apg_v14,Trichopodaceae,Dioscoreaceae,Dioscoreales
1577,apg_v14,Tricyrtidaceae,Calochortoideae,Liliales
1578,apg_v14,Trifoliaceae,Fabaceae,Fabales
1579,apg_v14,Triglochinaceae,Juncaginaceae,Alismatales
1580,apg_v14,Trigoniaceae,Trigoniaceae,Malpighiales
1581,apg_v14,Trilliaceae,Melanthiaceae,Liliales
1582,apg_v14,Trimeniaceae,Trimeniaceae,Austrobaileyales
1583,apg_v14,Triplobaceae,Malvaceae,Malvales
1584,apg_v14,Triplochitonaceae,Malvaceae,Malvales
1585,apg_v14,Triplostegiaceae,Caprifoliaceae,Dipsacales
1586,apg_v14,Tristichaceae,Podostemaceae,Malpighiales
1587,apg_v14,Triticaceae,Poaceae,Poales
1588,apg_v14,Triuridaceae,Triuridaceae,Pandanales
1589,apg_v14,Trochodendraceae,Trochodendraceae,Trochodendrales
1590,apg_v14,Tropaeolaceae,Tropaeolaceae,Brassicales
1591,apg_v14,Tulbaghiaceae,Amaryllidaceae,Asparagales
1592,apg_v14,Tulipaceae,Liliaceae,Liliales
1593,apg_v14,Tumboaceae,Welwitschiaceae,Gnetales
1594,apg_v14,Tupistraceae,Asparagaceae,Asparagales
1595,apg_v14,Turneraceae,Passifloraceae,Malpighiales
1596,apg_v14,Tussilagaceae,Asteraceae,Asterales
1597,apg_v14,Typhaceae,Typhaceae,Poales
1598,apg_v14,Uapacaceae,Phyllanthaceae,Malpighiales
1599,apg_v14,Ullucaceae,Basellaceae,Caryophyllales
1600,apg_v14,Ulmaceae,Ulmaceae,Rosales
1601,apg_v14,Ulmariaceae,Rosaceae,Rosales
1602,apg_v14,Umbelliferae,Apiaceae,Apiales
1603,apg_v14,Unisemataceae,Pontederiaceae,Commelinales
1604,apg_v14,Urticaceae,Urticaceae,Rosales
1605,apg_v14,Utriculariaceae,Lentibulariaceae,Lamiales
1606,apg_v14,Uvulariaceae,Colchicaceae,Liliales
1607,apg_v14,Vacciniaceae,Ericaceae,Ericales
1608,apg_v14,Vahliaceae,Vahliaceae,Vahliales
1609,apg_v14,Valerianaceae,Caprifoliaceae,Dipsacales
1610,apg_v14,Vallisneriaceae,Hydrocharitaceae,Alismatales
1611,apg_v14,Vanillaceae,Orchidaceae,Asparagales
1612,apg_v14,Velloziaceae,Velloziaceae,Pandanales
1613,apg_v14,Veratraceae,Melanthiaceae,Liliales
1614,apg_v14,Verbascaceae,Scrophulariaceae,Lamiales
1615,apg_v14,Verbenaceae,Verbenaceae,Lamiales
1616,apg_v14,Vernicaceae,Anacardiaceae,Sapindales
1617,apg_v14,Vernoniaceae,Asteraceae,Asterales
1618,apg_v14,Veronicaceae,Plantaginaceae,Lamiales
1619,apg_v14,Viburnaceae,Viburnaceae,Dipsacales
1620,apg_v14,Viciaceae,Fabaceae,Fabales
1621,apg_v14,Vincaceae,Apocynaceae,Gentianales
1622,apg_v14,Violaceae,Violaceae,Malpighiales
1623,apg_v14,Viscaceae,Santalaceae,Santalales
1624,apg_v14,Vitaceae,Vitaceae,Vitales
1625,apg_v14,Viticaceae,Lamiaceae,Lamiales
1626,apg_v14,Vittariaceae,Pteridaceae,Polypodiales
1627,apg_v14,Vivianiaceae,Francoaceae,Geraniales
1628,apg_v14,Vochysiaceae,Vochysiaceae,Myrtales
1629,apg_v14,Wachendorfiaceae,Haemodoraceae,Commelinales
1630,apg_v14,Walleriaceae,Tecophilaeaceae,Asparagales
1631,apg_v14,Wellingtoniaceae,Sabiaceae,Sabiales
1632,apg_v14,Wellstediaceae,Wellstediaceae,Boraginales
1633,apg_v14,Welwitschiaceae,Welwitschiaceae,Gnetales
1634,apg_v14,Widdringtoniaceae,Cupressaceae,Cupressales
1635,apg_v14,Wightiaceae,Wightiaceae,Lamiales
1636,apg_v14,Willughbieaceae,Apocynaceae,Gentianales
1637,apg_v14,Winteraceae,Winteraceae,Canellales
1638,apg_v14,Winteranaceae,Canellaceae,Canellales
1639,apg_v14,Wolffiaceae,Araceae,Alismatales
1640,apg_v14,Xanthiaceae,Asteraceae,Asterales
1641,apg_v14,Xanthoceratceae,Sapindaceae,Sapindales
1642,apg_v14,Xanthophyllaceae,Polygalaceae,Fabales
1643,apg_v14,Xanthorrhoeaceae,Asphodelaceae,Asparagales
1644,apg_v14,Xeranthemaceae,Asteraceae,Asterales
1645,apg_v14,Xeronemataceae,Xeronemataceae,Asparagales
1646,apg_v14,Xerophyllaceae,Melanthiaceae,Liliales
1647,apg_v14,Ximeniaceae,Ximeniaceae,Santalales
1648,apg_v14,Xiphidiaceae,Haemodoraceae,Commelinales
1649,apg_v14,Xyridaceae,Xyridaceae,Poales
1650,apg_v14,Yuccaceae,Asparagaceae,Asparagales
1651,apg_v14,Zamiaceae,Zamiaceae,Cycadales
1652,apg_v14,Zannichelliaceae,Potamogetonaceae,Alismatales
1653,apg_v14,Zanoniaceae,Cucurbitaceae,Cucurbitales
1654,apg_v14,Zanthoxylaceae,Rutaceae,Sapindales
1655,apg_v14,Zeaceae,Poaceae,Poales
1656,apg_v14,Zephyranthaceae,Amaryllidaceae,Asparagales
1657,apg_v14,Zingiberaceae,Zingiberaceae,Zingiberales
1658,apg_v14,Ziziphaceae,Rhamnaceae,Rosales
1659,apg_v14,Zosteraceae,Zosteraceae,Alismatales
1660,apg_v14,Zoysiaceae,Poaceae,Poales
1661,apg_v14,Zygophyllaceae,Zygophyllaceae,Zygophyllales
1662,gbif,Abaminaceae,Nartheciaceae,NA
1663,gbif,Achatocarpacceae,Achatocarpaceae,NA
1664,gbif,Achratinitaceae,Corsiaceae,NA
1665,gbif,Actinostrobaceae,Cupressaceae,NA
1666,gbif,Adianaceae,Pteridaceae,NA
1667,gbif,Agathidaceae,Araucariaceae,NA
1668,gbif,Aloeaceae,Xanthorrhoeaceae,NA
1669,gbif,Ampelidopsaceae,Vitaceae,NA
1670,gbif,Aporosaceae,Phyllanthaceae,NA
1671,gbif,Asperifoliaceae,Boraginaceae,NA
1672,gbif,Athrotaxidaceae,Cupressaceae,NA
1673,gbif,Balanophorales,Balanophoraceae,NA
1674,gbif,Batidaceae,Bataceae,NA
1675,gbif,Belvisiaceae,Lecythidaceae,NA
1676,gbif,Bolivariaceae,Oleaceae,NA
1677,gbif,Buettneriaceae,Malvaceae,NA
1678,gbif,Callitraceae,Cupressaceae,NA
1679,gbif,Candolleaceae,Stylidiaceae,NA
1680,gbif,Cannabidaceae,Cannabaceae,NA
1681,gbif,Cannabinaceae,Cannabaceae,NA
1682,gbif,Capparidaceae,Capparaceae,NA
1683,gbif,Capusiaceae,Celastraceae,NA
1684,gbif,Cardamindaceae,Tropaeolaceae,NA
1685,gbif,Carlmanniaceae,Carlemanniaceae,NA
1686,gbif,Caryotaceae,Arecaceae,NA
1687,gbif,Caseariaceae,Salicaceae,NA
1688,gbif,Cassiniaceae,Asteraceae,NA
1689,gbif,Cassuviaceae,Anacardiaceae,NA
1690,gbif,Cenchrinaceae,Poaceae,NA
1691,gbif,Chamaedoreaceae,Arecaceae,NA
1692,gbif,Cinchonaceae,Rubiaceae,NA
1693,gbif,Coccolobaceae,Polygonaceae,NA
1694,gbif,Codiaceae,Cunoniaceae,NA
1695,gbif,Coleanthaceae,Poaceae,NA
1696,gbif,Convolvuloideae,Convolvulaceae,NA
1697,gbif,Coptaceae,Ranunculaceae,NA
1698,gbif,Cryptogrammaceae,Pteridaceae,NA
1699,gbif,Cuspariaceae,Rutaceae,NA
1700,gbif,Cymbanthaceae,Liliaceae,NA
1701,gbif,Dammaraceae,Araucariaceae,NA
1702,gbif,Dichatelaceae,Dichapetalaceae,NA
1703,gbif,Dicranopteridaceae,Gleicheniaceae,NA
1704,gbif,Dicrastylidaceae,Lamiaceae,Lamiales
1705,gbif,Digitalaceae,Plantaginaceae,NA
1706,gbif,Diplarchaceae,Ericaceae,NA
1707,gbif,Ephemeraceae,Commelinaceae,NA
1708,gbif,Fremontiaceae,Malvaceae,NA
1709,gbif,Galacaceae,Diapensiaceae,NA
1710,gbif,Galeaceae,Myricaceae,NA
1711,gbif,Galeariaceae,Pandaceae,NA
1712,gbif,Geniostomaceae,Loganiaceae,NA
1713,gbif,Grossulariceae,Grossulariaceae,NA
1714,gbif,Haloragidaceae,Haloragaceae,NA
1715,gbif,Hamamelidineae,Hamamelidaceae,NA
1716,gbif,Helosaceae,Balanophoraceae,NA
1717,gbif,Hemionitidaceae,Pteridaceae,NA
1718,gbif,Himatandraceae,Himantandraceae,NA
1719,gbif,Jasminaceae,Oleaceae,NA
1720,gbif,Lampsanaceae,Asteraceae,NA
1721,gbif,Lepidariaceae,Loranthaceae,NA
1722,gbif,Leuchtenbergiaceae,Cactaceae,NA
1723,gbif,Lewisiaceae,Portulacaceae,NA
1724,gbif,Lilacaceae,Oleaceae,NA
1725,gbif,Lindernieae,Linderniaceae,NA
1726,gbif,Malachodendraceae,Theaceae,NA
1727,gbif,Menziesiaceae,Ericaceae,NA
1728,gbif,Metasequoiaceae,Cupressaceae,NA
1729,gbif,Metaxiaceae,Metaxyaceae,NA
1730,gbif,Millingtoniaceae,Sabiaceae,NA
1731,gbif,Mohriaceae,Anemiaceae,NA
1732,gbif,Monachosoraceae,Dennstaedtiaceae,NA
1733,gbif,Moronobeaceae,Clusiaceae,NA
1734,gbif,Myzodendraceae,Misodendraceae,NA
1735,gbif,Neumanniaceae,Aphloiaceae,NA
1736,gbif,Ophioglosseae,Ophioglossaceae,NA
1737,gbif,Orchidanthaceae,Lowiaceae,NA
1738,gbif,Paletuvieraceae,Rhizophoraceae,NA
1739,gbif,Papaverineae,Papaveraceae,NA
1740,gbif,Patrisaceae,Salicaceae,NA
1741,gbif,Pentaphylaceae,Pentaphylacaceae,NA
1742,gbif,Phrymataceae,Phrymaceae,NA
1743,gbif,Phytelephantaceae,Arecaceae,NA
1744,gbif,Phytolacaceae,Phytolaccaceae,NA
1745,gbif,Platymetraceae,Asparagaceae,NA
1746,gbif,Pleurosoriopsidaceae,Polypodiaceae,NA
1747,gbif,Plumbaginineae,Plumbaginaceae,NA
1748,gbif,Podostemales,Podostemaceae,NA
1749,gbif,Pongatiaceae,Sphenocleaceae,NA
1750,gbif,Protoliriaceae,Petrosaviaceae,NA
1751,gbif,Pterocaryaceae,Juglandaceae,NA
1752,gbif,Rafflesiales,Rafflesiaceae,NA
1753,gbif,Rafflesianae,Rafflesiaceae,NA
1754,gbif,Razoumofskyaceae,Santalaceae,NA
1755,gbif,Rhizobolaceae,Caryocaraceae,NA
1756,gbif,Ripogonaceae,Rhipogonaceae,NA
1757,gbif,Salicariaceae,Lythraceae,NA
1758,gbif,Salisburiaceae,Ginkgoaceae,NA
1759,gbif,Sarumaceae,Aristolochiaceae,NA
1760,gbif,Scytopetaleaceae,Lecythidaceae,NA
1761,gbif,Siphonandraceae,Ericaceae,NA
1762,gbif,Spielmanniaceae,Scrophulariaceae,NA
1763,gbif,Stegnospermaceae,Stegnospermataceae,NA
1764,gbif,Stenochlaenaceae,Blechnaceae,NA
1765,gbif,Stixaceae,Resedaceae,NA
1766,gbif,Strephonemataceae,Combretaceae,NA
1767,gbif,Takhtajaniaceae,Winteraceae,NA
1768,gbif,Toricelliaceae,Torricelliaceae,NA
1769,gbif,Tovarioideae,Tovariaceae,NA
1770,gbif,Treubaniaceae,Loranthaceae,NA
1771,gbif,Treubellaceae,Loranthaceae,NA
1772,gbif,Triphyophyllaceae,Dioncophyllaceae,NA
1773,gbif,Tripterellaceae,Burmanniaceae,NA
1774,gbif,Trochodendrineae,Trochodendraceae,NA
1775,gbif,Vitidaceae,Vitaceae,NA
1776,gbif,Wallaceaceae,Ochnaceae,NA
1777,gbif,Willughbeiaceae,Apocynaceae,NA
1778,gbif,Xanthoceraceae,Sapindaceae,NA
1779,gbif,Xerotaceae,Asparagaceae,NA
1780,PPGI,Anemiaceae,Anemiaceae,Schizaeales
1781,PPGI,Aspleniaceae,Aspleniaceae,Eupolypod II
1782,PPGI,Athyriaceae,Athyriaceae,Eupolypod II
1783,PPGI,Blechnaceae,Blechnaceae,Eupolypod II
1784,PPGI,Cibotiaceae,Cibotiaceae,Cyatheales
1785,PPGI,Culcitaceae,Culcitaceae,Cyatheales
1786,PPGI,Cyatheaceae,Cyatheaceae,Cyatheales
1787,PPGI,Cystodiaceae,Cystodiaceae,Polypodiales
1788,PPGI,Cystopteridaceae,Cystopteridaceae,Eupolypod II
1789,PPGI,Davalliaceae,Davalliaceae,Polypodiales (Eupolypod I)
1790,PPGI,Dennstaedtiaceae,Dennstaedtiaceae,Polypodiales
1791,PPGI,Desmophlebiaceae,Desmophlebiaceae,Eupolypod II
1792,PPGI,Dicksoniaceae,Dicksoniaceae,Cyatheales
1793,PPGI,Didymochlaenaceae,Didymochlaenaceae,Polypodiales (Eupolypod I)
1794,PPGI,Diplaziopsidaceae,Diplaziopsidaceae,Eupolypod II
1795,PPGI,Dipteridaceae,Dipteridaceae,Gleicheniales
1796,PPGI,Dryopteridaceae,Dryopteridaceae,Polypodiales (Eupolypod I)
1797,PPGI,Equisetaceae,Equisetaceae,Equisetales
1798,PPGI,Gleicheniaceae,Gleicheniaceae,Gleicheniales
1799,PPGI,Hemidictyaceae,Hemidictyaceae,Eupolypod II
1800,PPGI,Hymenophyllaceae,Hymenophyllaceae,Hymenophyllales
1801,PPGI,Hypodematiaceae,Hypodematiaceae,Polypodiales (Eupolypod I)
1802,PPGI,Lindsaeaceae,Lindsaeaceae,Polypodiales
1803,PPGI,Lomariopsidaceae,Lomariopsidaceae,Polypodiales (Eupolypod I)
1804,PPGI,Lonchitidaceae,Lonchitidaceae,Polypodiales
1805,PPGI,Loxsomataceae,Loxsomataceae,Cyatheales
1806,PPGI,Lygodiaceae,Lygodiaceae,Schizaeales
1807,PPGI,Marattiaceae,Marattiaceae,Marattiales
1808,PPGI,Marsileaceae,Marsileaceae,Marsileales
1809,PPGI,Matoniaceae,Matoniaceae,Gleicheniales
1810,PPGI,Metaxyaceae,Metaxyaceae,Cyatheales
1811,PPGI,Nephrolepidaceae,Nephrolepidaceae,Polypodiales (Eupolypod I)
1812,PPGI,Oleandraceae,Oleandraceae,Polypodiales (Eupolypod I)
1813,PPGI,Onocleaceae,Onocleaceae,Eupolypod II
1814,PPGI,Ophioglossaceae,Ophioglossaceae,Ophioglossales
1815,PPGI,Osmundaceae,Osmundaceae,Osmundales
1816,PPGI,Plagiogyriaceae,Plagiogyriaceae,Cyatheales
1817,PPGI,Polypodiaceae,Polypodiaceae,Polypodiales (Eupolypod I)
1818,PPGI,Psilotaceae,Psilotaceae,Ophioglossales
1819,PPGI,Pteridaceae,Pteridaceae,Polypodiales
1820,PPGI,Rhachidosoraceae,Rhachidosoraceae,Eupolypod II
1821,PPGI,Saccolomataceae,Saccolomataceae,Polypodiales
1822,PPGI,Salviniaceae,Salviniaceae,Marsileales
1823,PPGI,Schizaeaceae,Schizaeaceae,Schizaeales
1824,PPGI,Tectariaceae,Tectariaceae,Polypodiales (Eupolypod I)
1825,PPGI,Thelypteridaceae,Thelypteridaceae,Eupolypod II
1826,PPGI,Thyrsopteridaceae,Thyrsopteridaceae,Cyatheales
1827,PPGI,Woodsiaceae,Woodsiaceae,Eupolypod II
1828,PPGI,Dictyoxiphiaceae,Tectariaceae,Polypodiales (Eupolypod I)
1829,PPGI,Grammitaceae,Polypodiaceae,Polypodiales (Eupolypod I)
1830,PPGI,Gymnogrammaceae,Polypodiaceae,Polypodiales (Eupolypod I)
1831,PPGI,Helminthostachyaceae,Ophioglossaceae,Ophioglossales
1832,PPGI,Hypoderriaceae,Tectariaceae,Polypodiales (Eupolypod I)
1833,PPGI,Kaulfussiaceae,Marattiaceae,Marattiales
1834,PPGI,Loxsomaceae,Loxsomataceae,Cyatheales
1835,PPGI,Loxomataceae,Loxsomataceae,Cyatheales
1836,PPGI,Sphaerostephanaceae,Thelypteridaceae,Eupolypod II
1837,tax_dicitionary,Characeae,Characeae,Charales
1838,tax_dicitionary,Corallinaceae,Corallinaceae,Corallinales
1839,tax_dicitionary,Enteridaceae,Cribrariaceae,NA
1840,tax_dicitionary,Xanthopyllaceae,Polygalaceae,Fabales
1841,occur_data,Caesalpinioideae,Fabaceae,Fabales
1842,occur_data,Euphorbiaceae-2.Acalyphoideae,Euphorbiaceae,Malpighiales
1843,occur_data,Euphorbiaceae-3.Crotonoideae,Euphorbiaceae,Malpighiales
1844,occur_data,Fabaceae-Caesalpinioideae,Fabaceae,Fabales
1845,occur_data,Fabaceae-Cercidoideae,Fabaceae,Fabales
1846,occur_data,Fabaceae-Detarioideae,Fabaceae,Fabales
1847,occur_data,Fabaceae-Dialioideae,Fabaceae,Fabales
1848,occur_data,Fabaceae-Faboideae,Fabaceae,Fabales
1849,occur_data,Fabaceae-Mimosoideae,Fabaceae,Fabales
1850,occur_data,Fabaceae-Papilionoideae,Fabaceae,Fabales
1851,occur_data,Fabaceae (Mimosoideae),Fabaceae,Fabales
1852,occur_data,Lamiaceae (Verbenaceae),Lamiaceae,Lamiales
1853,occur_data,Leguminosae-Caes,Fabaceae,Fabales
1854,occur_data,Leguminosae-Caes.,Fabaceae,Fabales
1855,occur_data,Leguminosae-Mim,Fabaceae,Fabales
1856,occur_data,Leguminosae-Mim.,Fabaceae,Fabales
1857,occur_data,Leguminosae-Mimo,Fabaceae,Fabales
1858,occur_data,Leguminosae-Pap,Fabaceae,Fabales
1859,occur_data,Leguminosae-Pap.,Fabaceae,Fabales
1860,occur_data,Leguminosae - Caesalp.,Fabaceae,Fabales
1861,occur_data,Leguminosae - Caesalpinio,Fabaceae,Fabales
1862,occur_data,Leguminosae - Mimosoideae,Fabaceae,Fabales
1863,occur_data,Leguminosae Subfam. Caesalpinioideae,Fabaceae,Fabales
1864,occur_data,Leguminosae Subfam. Caesalpinioideae (Mimosoide),Fabaceae,Fabales
1865,occur_data,Leguminosae Subfam. Cercidoideae,Fabaceae,Fabales
1866,occur_data,Leguminosae Subfam. Detarioideae,Fabaceae,Fabales
1867,occur_data,Leguminosae Subfam. Papilionoideae,Fabaceae,Fabales
1868,occur_data,Malvaceae-2.Byttnerioideae,Malvaceae,Malvales
1869,occur_data,Malvaceae-9.Bombacoideae,Malvaceae,Malvales
1870,occur_data,Meliaceae-1.Melioideae,Meliaceae,Sapindales
1871,occur_data,Mimosoideae,Fabaceae,Fabales
1872,occur_data,Moraceae-2.Moreae,Moraceae,Rosales
1873,occur_data,Moraceae-4.Dorstenieae,Moraceae,Rosales
1874,occur_data,Moraceae-6.Castilleae,Moraceae,Rosales
1875,occur_data,Moraceae (Cecropiaceae),Moraceae,Rosales
1876,occur_data,Papilionoideae,Fabaceae,Fabales
1877,occur_data,Pricamniaceae,Picramniaceae,Picramniales
1878,occur_data,Primulaceae-4.Myrsinoideae,Primulaceae,Ericales
1879,occur_data,Rubiaceaeae,Rubiaceae,Gentianales
1880,occur_data,Rutaceae-2.Amyridoideae,Rutaceae,Sapindales
1881,occur_data,Salicaceae-3.Salicoideae,Salicaceae,Malpighiales
1882,occur_data,Sapotaceae-2.Sapotoideae,Sapotaceae,Ericales
1883,occur_data,Sapotaceae-3.Chrysophylloideae,Sapotaceae,Ericales
1884,occur_data,Cannabaceae (Ulmaceae),Cannabaceae,Rosales
